/*
 Navicat Premium Data Transfer

 Source Server         : Coding
 Source Server Type    : MySQL
 Source Server Version : 50721
 Source Host           : 127.0.0.1:3306
 Source Schema         : spk_pupuk

 Target Server Type    : MySQL
 Target Server Version : 50721
 File Encoding         : 65001

 Date: 11/10/2018 21:51:50
*/

SET NAMES utf8mb4;
SET FOREIGN_KEY_CHECKS = 0;

-- ----------------------------
-- Table structure for dataujitanah
-- ----------------------------
DROP TABLE IF EXISTS `dataujitanah`;
CREATE TABLE `dataujitanah`  (
  `id` int(11) NOT NULL AUTO_INCREMENT COMMENT ' ',
  `id_user` varchar(11) CHARACTER SET latin1 COLLATE latin1_swedish_ci NULL DEFAULT NULL,
  `nama_sample` varchar(50) CHARACTER SET latin1 COLLATE latin1_swedish_ci NULL DEFAULT NULL,
  `id_lokasisample` varchar(11) CHARACTER SET latin1 COLLATE latin1_swedish_ci NULL DEFAULT NULL,
  `tgl_uji` date NULL DEFAULT NULL,
  `nitrogen` varchar(1) CHARACTER SET latin1 COLLATE latin1_swedish_ci NULL DEFAULT NULL,
  `posfor` varbinary(1) NULL DEFAULT NULL,
  `kalium` varchar(1) CHARACTER SET latin1 COLLATE latin1_swedish_ci NULL DEFAULT NULL,
  `tekstur` varchar(1) CHARACTER SET latin1 COLLATE latin1_swedish_ci NULL DEFAULT NULL,
  `nitrogen2` varchar(20) CHARACTER SET latin1 COLLATE latin1_swedish_ci NULL DEFAULT NULL,
  `posfor2` varchar(20) CHARACTER SET latin1 COLLATE latin1_swedish_ci NULL DEFAULT NULL,
  `kalium2` varchar(20) CHARACTER SET latin1 COLLATE latin1_swedish_ci NULL DEFAULT NULL,
  `tekstur2` varchar(20) CHARACTER SET latin1 COLLATE latin1_swedish_ci NULL DEFAULT NULL,
  PRIMARY KEY (`id`) USING BTREE
) ENGINE = MyISAM AUTO_INCREMENT = 81 CHARACTER SET = latin1 COLLATE = latin1_swedish_ci ROW_FORMAT = Dynamic;

-- ----------------------------
-- Records of dataujitanah
-- ----------------------------
INSERT INTO `dataujitanah` VALUES (45, '8', 'xx-03001', '1', '2018-08-14', '5', 0x33, '3', '1', '> 0.50 (Tinggi)', '20-40 (Sedang)', '10-20 (Sedang)', 'Liat');
INSERT INTO `dataujitanah` VALUES (66, '8', 'xx-03008', '6', '2018-08-20', '5', 0x33, '3', '3', '> 0.50 (Tinggi)', '20-40 (Sedang)', '10-20 (Sedang)', 'Sedang');
INSERT INTO `dataujitanah` VALUES (67, '8', 'xx-03009', '6', '2018-08-20', '5', 0x33, '3', '5', '> 0.50 (Tinggi)', '20-40 (Sedang)', '10-20 (Sedang)', 'Berpasir');
INSERT INTO `dataujitanah` VALUES (68, '8', 'xx-03010', '6', '2018-08-20', '3', 0x35, '1', '3', '0.21-0.50 (Sedang)', '> 40 (Tinggi)', '< 10 (Rendah)', 'Sedang');
INSERT INTO `dataujitanah` VALUES (69, '8', 'xx-03001', '6', '2018-08-20', '5', 0x33, '3', '1', '> 0.50 (Tinggi)', '20-40 (Sedang)', '10-20 (Sedang)', 'Liat');
INSERT INTO `dataujitanah` VALUES (65, '8', 'xx-03007', '6', '2018-08-20', '3', 0x33, '5', '1', '0.21-0.50 (Sedang)', '20-40 (Sedang)', '> 20 (Tinggi)', 'Liat');
INSERT INTO `dataujitanah` VALUES (64, '8', 'xx-03006', '6', '2018-08-20', '3', 0x35, '3', '1', '0.21-0.50 (Sedang)', '> 40 (Tinggi)', '10-20 (Sedang)', 'Liat');
INSERT INTO `dataujitanah` VALUES (63, '8', 'xx-03005', '6', '2018-08-20', '3', 0x31, '1', '3', '0.21-0.50 (Sedang)', '< 20 (Rendah)', '< 10 (Rendah)', 'Sedang');
INSERT INTO `dataujitanah` VALUES (62, '8', 'xx-03004', '6', '2018-08-20', '1', 0x31, '1', '1', '< 0.20 (Rendah)', '< 20 (Rendah)', '< 10 (Rendah)', 'Liat');
INSERT INTO `dataujitanah` VALUES (61, '8', 'xx-03003', '6', '2018-08-20', '1', 0x31, '1', '5', '< 0.20 (Rendah)', '< 20 (Rendah)', '< 10 (Rendah)', 'Berpasir');
INSERT INTO `dataujitanah` VALUES (60, '8', 'xx-03002', '1', '2018-08-20', '1', 0x31, '1', '3', '< 0.20 (Rendah)', '< 20 (Rendah)', '< 10 (Rendah)', 'Sedang');
INSERT INTO `dataujitanah` VALUES (70, '7', 'Tes', '4', '2018-08-27', '1', 0x31, '5', '3', '< 0.20 (Rendah)', '< 20 (Rendah)', '> 20 (Tinggi)', 'Sedang');
INSERT INTO `dataujitanah` VALUES (71, '7', 'A', '4', '2018-08-27', '3', 0x35, '3', '5', '0.21-0.50 (Sedang)', '> 40 (Tinggi)', '10-20 (Sedang)', 'Berpasir');
INSERT INTO `dataujitanah` VALUES (72, '10', '2', '4', '2018-08-29', '5', 0x33, '1', '3', '> 0.50 (Tinggi)', '20-40 (Sedang)', '< 10 (Rendah)', 'Sedang');
INSERT INTO `dataujitanah` VALUES (73, '8', 'xxx-004', '5', '2018-08-29', '3', 0x33, '1', '5', '0.21-0.50 (Sedang)', '20-40 (Sedang)', '< 10 (Rendah)', 'Berpasir');
INSERT INTO `dataujitanah` VALUES (74, '12', 'tanah kering', '5', '2018-08-31', '3', 0x31, '1', '1', '0.21-0.50 (Sedang)', '< 20 (Rendah)', '< 10 (Rendah)', 'Liat');
INSERT INTO `dataujitanah` VALUES (75, '12', 'urea', '5', '2018-08-31', '3', 0x33, '5', '1', '0.21-0.50 (Sedang)', '20-40 (Sedang)', '> 20 (Tinggi)', 'Liat');
INSERT INTO `dataujitanah` VALUES (76, '8', 'xxx-0001', '4', '2018-09-02', '1', 0x35, '5', '1', '< 0.20 (Rendah)', '> 40 (Tinggi)', '> 20 (Tinggi)', 'Liat');
INSERT INTO `dataujitanah` VALUES (77, '13', '04xxmakassar', '8', '2018-09-17', '1', 0x31, '3', '3', '< 0.20 (Rendah)', '< 20 (Rendah)', '10-20 (Sedang)', 'Sedang');
INSERT INTO `dataujitanah` VALUES (78, '14', 'XXX-05001', '1', '2018-09-18', '5', 0x35, '5', '1', '> 0.50 (Tinggi)', '> 40 (Tinggi)', '> 20 (Tinggi)', 'Liat');
INSERT INTO `dataujitanah` VALUES (79, '14', 'XXX-05001', '4', '2018-09-18', '1', 0x31, '1', '1', '< 0.20 (Rendah)', '< 20 (Rendah)', '< 10 (Rendah)', 'Liat');
INSERT INTO `dataujitanah` VALUES (80, '16', 'Tes', '1', '2018-10-10', '1', 0x33, '5', '1', '< 0.20 (Rendah)', '20-40 (Sedang)', '> 20 (Tinggi)', 'Liat');

-- ----------------------------
-- Table structure for informasi
-- ----------------------------
DROP TABLE IF EXISTS `informasi`;
CREATE TABLE `informasi`  (
  `id` int(11) NOT NULL AUTO_INCREMENT,
  `name` varchar(255) CHARACTER SET latin1 COLLATE latin1_swedish_ci NOT NULL,
  `dest` text CHARACTER SET latin1 COLLATE latin1_swedish_ci NOT NULL,
  `dest2` varchar(150) CHARACTER SET latin1 COLLATE latin1_swedish_ci NULL DEFAULT NULL,
  `type` int(11) NOT NULL,
  `path` text CHARACTER SET latin1 COLLATE latin1_swedish_ci NOT NULL,
  `url` varchar(255) CHARACTER SET latin1 COLLATE latin1_swedish_ci NOT NULL,
  `metatittle` varchar(255) CHARACTER SET latin1 COLLATE latin1_swedish_ci NOT NULL,
  `active` enum('1','0') CHARACTER SET latin1 COLLATE latin1_swedish_ci NULL DEFAULT NULL,
  `id_user` varchar(11) CHARACTER SET latin1 COLLATE latin1_swedish_ci NULL DEFAULT NULL,
  `create_at` timestamp(0) NULL DEFAULT CURRENT_TIMESTAMP(0),
  `update_at` timestamp(0) NULL DEFAULT CURRENT_TIMESTAMP(0) ON UPDATE CURRENT_TIMESTAMP(0),
  PRIMARY KEY (`id`) USING BTREE
) ENGINE = InnoDB AUTO_INCREMENT = 19 CHARACTER SET = latin1 COLLATE = latin1_swedish_ci ROW_FORMAT = Dynamic;

-- ----------------------------
-- Records of informasi
-- ----------------------------
INSERT INTO `informasi` VALUES (1, '-', '', NULL, 0, '', '', '', '0', '1', '2018-06-06 20:53:41', '2018-06-06 20:57:38');
INSERT INTO `informasi` VALUES (18, 'TEKNIK PEMUPUKAN', '<p>Teknik Pemupukan<br>\r\n\r\nTeknik pemupukan tanaman padi memang sangat relatif, tidak ada ukuran secara pasti dosis dan waktu yang ditentukan, karena banyak sekali faktor yang harus diperhatikan. Struktur tanah dengan kondisi unsur hara yang berbeda-beda di tempat satu dengan yang lainnya, tentu juga memerlukan cara-teknik yang berbeda dalam pemupukan tanaman padi. <br>\r\n\r\nJika kita menggunakan kombinasi pupuk tunggal (Urea, SP-36 dan KCI) perbandingan pupuk masing-masing jenis per hektar adalah sebagai berikut:<br>\r\nPupuk Phospor (SP36) : 100 kg - 150 kg<br>\r\nPupuk Kalium (KCl) : 75 kg - 100 kg.<br>\r\n\r\nSelanjutnya waktu pemberian pupuk pada tanaman padi juga perlu perhitungan yang pas karena sangat bervariasi dan berbeda satu dengan lainnya. Sebagai gambaran adalah sebagai berikut, jika kita mengacu pada rekomendasi di atas, maka lakukan beberapa langkah sebagai berikut:<br>\r\n\r\n1. Lakukan penyebaran pupuk SP36 sesuai dosis ke lahan sawah, satu hari sebelum penanaman bibit.<br>\r\n2. Setelah umur 7 hari setelah tanam, lakukan penyebaran pupuk urea ±30 persen (±70 kg) dan pupuk KCl sebesar 50 persen (±40 kg).<br>\r\n3. Setelah umur 20 hari, lakukan penyebaran urea sebesar 40 persen.<br>\r\n4. Setelah umur 30 hari, lakukan penyebaran urea 30 persen dan KCl 50 persen.<br><br>\r\n\r\nSumber:<br>\r\n\r\n\r\nYulia Tri,S. 2015. Pemupukan Padi Sawah. Tabloid Sinar Tani. Edisi 11 -17 Februari 2015. No.3594 Tahun XLV\r\nhttps://www.epetani.com/2017/03/teknik-pemupukan-padi.html <br><br><br><br>\r\n\r\n.</p>', '<p>Teknik Pemupukan<br>\r\n\r\nTeknik pemupukan tanaman padi memang sangat relatif, tidak ada ukuran secara pasti dosis dan waktu yang ditentukan, karena ', 1, 'db82d12794942dc17a9d5631e29fb431.jpg', 'Tani', 'TEKNIK PEMUPUKAN', '1', '1', '2018-06-06 20:53:41', '2018-09-17 18:44:54');

-- ----------------------------
-- Table structure for lokasisample
-- ----------------------------
DROP TABLE IF EXISTS `lokasisample`;
CREATE TABLE `lokasisample`  (
  `id` int(11) NOT NULL AUTO_INCREMENT,
  `kab_kota` varchar(50) CHARACTER SET latin1 COLLATE latin1_swedish_ci NULL DEFAULT NULL,
  `kec` varchar(50) CHARACTER SET latin1 COLLATE latin1_swedish_ci NULL DEFAULT NULL,
  PRIMARY KEY (`id`) USING BTREE
) ENGINE = MyISAM AUTO_INCREMENT = 15 CHARACTER SET = latin1 COLLATE = latin1_swedish_ci ROW_FORMAT = Dynamic;

-- ----------------------------
-- Records of lokasisample
-- ----------------------------
INSERT INTO `lokasisample` VALUES (1, 'Bone', 'Pasaka');
INSERT INTO `lokasisample` VALUES (4, 'Sinjai', 'Sinjai');
INSERT INTO `lokasisample` VALUES (5, 'Kota Makassar', 'Biringkanaya');
INSERT INTO `lokasisample` VALUES (6, 'Takalar', 'Polongbangkeng');
INSERT INTO `lokasisample` VALUES (7, 'Maros', 'Batangase');
INSERT INTO `lokasisample` VALUES (8, 'Maros', 'Moncongloe.');
INSERT INTO `lokasisample` VALUES (10, 'Maros', 'Ma\'rang');
INSERT INTO `lokasisample` VALUES (11, 'Maros', 'Marusu');
INSERT INTO `lokasisample` VALUES (12, 'Takalar', 'Pattalassang');
INSERT INTO `lokasisample` VALUES (13, 'Takalar', 'Mangarabombang');
INSERT INTO `lokasisample` VALUES (14, 'Takalar', 'Galesong');

-- ----------------------------
-- Table structure for poin
-- ----------------------------
DROP TABLE IF EXISTS `poin`;
CREATE TABLE `poin`  (
  `id` int(11) NOT NULL AUTO_INCREMENT,
  `id_analisa` varchar(11) CHARACTER SET latin1 COLLATE latin1_swedish_ci NULL DEFAULT NULL,
  `kd_formula` varchar(10) CHARACTER SET latin1 COLLATE latin1_swedish_ci NULL DEFAULT NULL,
  `poin` int(3) NULL DEFAULT NULL,
  PRIMARY KEY (`id`) USING BTREE
) ENGINE = MyISAM AUTO_INCREMENT = 3367 CHARACTER SET = latin1 COLLATE = latin1_swedish_ci ROW_FORMAT = Dynamic;

-- ----------------------------
-- Records of poin
-- ----------------------------
INSERT INTO `poin` VALUES (2432, '26', 'RRR', 11);
INSERT INTO `poin` VALUES (2433, '26', 'RRS-RRT', 16);
INSERT INTO `poin` VALUES (2434, '26', 'RSR', 2);
INSERT INTO `poin` VALUES (2435, '26', 'RSS-RST', 0);
INSERT INTO `poin` VALUES (2436, '26', 'RTR', 2);
INSERT INTO `poin` VALUES (2437, '26', 'RTS-RTT', 9);
INSERT INTO `poin` VALUES (2438, '26', 'SRR', 4);
INSERT INTO `poin` VALUES (2439, '26', 'SRS-SRT', 3);
INSERT INTO `poin` VALUES (2440, '26', 'SSR', 1);
INSERT INTO `poin` VALUES (2441, '26', 'SSS-SST', 11);
INSERT INTO `poin` VALUES (2442, '26', 'STR', 1);
INSERT INTO `poin` VALUES (2443, '26', 'TSR', 11);
INSERT INTO `poin` VALUES (2444, '26', 'STS-STT', 15);
INSERT INTO `poin` VALUES (2445, '26', 'TRS-TRT', 14);
INSERT INTO `poin` VALUES (2446, '26', 'TSS-TST', 10);
INSERT INTO `poin` VALUES (2447, '26', 'TTR', 9);
INSERT INTO `poin` VALUES (2448, '26', 'TTS-TTT', 4);
INSERT INTO `poin` VALUES (2449, '27', 'RRR', 11);
INSERT INTO `poin` VALUES (2450, '27', 'RRS-RRT', 16);
INSERT INTO `poin` VALUES (2451, '27', 'RSR', 2);
INSERT INTO `poin` VALUES (2452, '27', 'RSS-RST', 0);
INSERT INTO `poin` VALUES (2453, '27', 'RTR', 2);
INSERT INTO `poin` VALUES (2454, '27', 'RTS-RTT', 9);
INSERT INTO `poin` VALUES (2455, '27', 'SRR', 4);
INSERT INTO `poin` VALUES (2456, '27', 'SRS-SRT', 3);
INSERT INTO `poin` VALUES (2457, '27', 'SSR', 1);
INSERT INTO `poin` VALUES (2458, '27', 'SSS-SST', 11);
INSERT INTO `poin` VALUES (2459, '27', 'STR', 1);
INSERT INTO `poin` VALUES (2460, '27', 'TSR', 11);
INSERT INTO `poin` VALUES (2461, '27', 'STS-STT', 15);
INSERT INTO `poin` VALUES (2462, '27', 'TRS-TRT', 14);
INSERT INTO `poin` VALUES (2463, '27', 'TSS-TST', 10);
INSERT INTO `poin` VALUES (2464, '27', 'TTR', 9);
INSERT INTO `poin` VALUES (2465, '27', 'TTS-TTT', 4);
INSERT INTO `poin` VALUES (2466, '28', 'RRR', 8);
INSERT INTO `poin` VALUES (2467, '28', 'RRS-RRT', 14);
INSERT INTO `poin` VALUES (2468, '28', 'RSR', 0);
INSERT INTO `poin` VALUES (2469, '28', 'RSS-RST', 0);
INSERT INTO `poin` VALUES (2470, '28', 'RTR', 2);
INSERT INTO `poin` VALUES (2471, '28', 'RTS-RTT', 0);
INSERT INTO `poin` VALUES (2472, '28', 'SRR', 1);
INSERT INTO `poin` VALUES (2473, '28', 'SRS-SRT', 0);
INSERT INTO `poin` VALUES (2474, '28', 'SSR', 1);
INSERT INTO `poin` VALUES (2475, '28', 'SSS-SST', 8);
INSERT INTO `poin` VALUES (2476, '28', 'STR', 1);
INSERT INTO `poin` VALUES (2477, '28', 'TSR', 8);
INSERT INTO `poin` VALUES (2478, '28', 'STS-STT', 6);
INSERT INTO `poin` VALUES (2479, '28', 'TRS-TRT', 0);
INSERT INTO `poin` VALUES (2480, '28', 'TSS-TST', 10);
INSERT INTO `poin` VALUES (2481, '28', 'TTR', 0);
INSERT INTO `poin` VALUES (2482, '28', 'TTS-TTT', 1);
INSERT INTO `poin` VALUES (2483, '29', 'RRR', 0);
INSERT INTO `poin` VALUES (2484, '29', 'RRS-RRT', 0);
INSERT INTO `poin` VALUES (2485, '29', 'RSR', 0);
INSERT INTO `poin` VALUES (2486, '29', 'RSS-RST', 0);
INSERT INTO `poin` VALUES (2487, '29', 'RTR', 0);
INSERT INTO `poin` VALUES (2488, '29', 'RTS-RTT', 0);
INSERT INTO `poin` VALUES (2489, '29', 'SRR', 0);
INSERT INTO `poin` VALUES (2490, '29', 'SRS-SRT', 0);
INSERT INTO `poin` VALUES (2491, '29', 'SSR', 0);
INSERT INTO `poin` VALUES (2492, '29', 'SSS-SST', 0);
INSERT INTO `poin` VALUES (2493, '29', 'STR', 0);
INSERT INTO `poin` VALUES (2494, '29', 'TSR', 0);
INSERT INTO `poin` VALUES (2495, '29', 'STS-STT', 0);
INSERT INTO `poin` VALUES (2496, '29', 'TRS-TRT', 0);
INSERT INTO `poin` VALUES (2497, '29', 'TSS-TST', 0);
INSERT INTO `poin` VALUES (2498, '29', 'TTR', 0);
INSERT INTO `poin` VALUES (2499, '29', 'TTS-TTT', 0);
INSERT INTO `poin` VALUES (2500, '30', 'RRR', 9);
INSERT INTO `poin` VALUES (2501, '30', 'RRS-RRT', 14);
INSERT INTO `poin` VALUES (2502, '30', 'RSR', 3);
INSERT INTO `poin` VALUES (2503, '30', 'RSS-RST', 4);
INSERT INTO `poin` VALUES (2504, '30', 'RTR', 3);
INSERT INTO `poin` VALUES (2505, '30', 'RTS-RTT', 8);
INSERT INTO `poin` VALUES (2506, '30', 'SRR', 4);
INSERT INTO `poin` VALUES (2507, '30', 'SRS-SRT', 4);
INSERT INTO `poin` VALUES (2508, '30', 'SSR', 1);
INSERT INTO `poin` VALUES (2509, '30', 'SSS-SST', 9);
INSERT INTO `poin` VALUES (2510, '30', 'STR', 1);
INSERT INTO `poin` VALUES (2511, '30', 'TSR', 9);
INSERT INTO `poin` VALUES (2512, '30', 'STS-STT', 6);
INSERT INTO `poin` VALUES (2513, '30', 'TRS-TRT', 13);
INSERT INTO `poin` VALUES (2514, '30', 'TSS-TST', 10);
INSERT INTO `poin` VALUES (2515, '30', 'TTR', 8);
INSERT INTO `poin` VALUES (2516, '30', 'TTS-TTT', 4);
INSERT INTO `poin` VALUES (2517, '31', 'RRR', 1);
INSERT INTO `poin` VALUES (2518, '31', 'RRS-RRT', 0);
INSERT INTO `poin` VALUES (2519, '31', 'RSR', 3);
INSERT INTO `poin` VALUES (2520, '31', 'RSS-RST', 4);
INSERT INTO `poin` VALUES (2521, '31', 'RTR', 1);
INSERT INTO `poin` VALUES (2522, '31', 'RTS-RTT', 8);
INSERT INTO `poin` VALUES (2523, '31', 'SRR', 3);
INSERT INTO `poin` VALUES (2524, '31', 'SRS-SRT', 4);
INSERT INTO `poin` VALUES (2525, '31', 'SSR', 0);
INSERT INTO `poin` VALUES (2526, '31', 'SSS-SST', 1);
INSERT INTO `poin` VALUES (2527, '31', 'STR', 0);
INSERT INTO `poin` VALUES (2528, '31', 'TSR', 1);
INSERT INTO `poin` VALUES (2529, '31', 'STS-STT', 0);
INSERT INTO `poin` VALUES (2530, '31', 'TRS-TRT', 13);
INSERT INTO `poin` VALUES (2531, '31', 'TSS-TST', 0);
INSERT INTO `poin` VALUES (2532, '31', 'TTR', 8);
INSERT INTO `poin` VALUES (2533, '31', 'TTS-TTT', 3);
INSERT INTO `poin` VALUES (2534, '32', 'RRR', 1);
INSERT INTO `poin` VALUES (2535, '32', 'RRS-RRT', 0);
INSERT INTO `poin` VALUES (2536, '32', 'RSR', 2);
INSERT INTO `poin` VALUES (2537, '32', 'RSS-RST', 0);
INSERT INTO `poin` VALUES (2538, '32', 'RTR', 0);
INSERT INTO `poin` VALUES (2539, '32', 'RTS-RTT', 8);
INSERT INTO `poin` VALUES (2540, '32', 'SRR', 3);
INSERT INTO `poin` VALUES (2541, '32', 'SRS-SRT', 3);
INSERT INTO `poin` VALUES (2542, '32', 'SSR', 0);
INSERT INTO `poin` VALUES (2543, '32', 'SSS-SST', 1);
INSERT INTO `poin` VALUES (2544, '32', 'STR', 0);
INSERT INTO `poin` VALUES (2545, '32', 'TSR', 1);
INSERT INTO `poin` VALUES (2546, '32', 'STS-STT', 0);
INSERT INTO `poin` VALUES (2547, '32', 'TRS-TRT', 13);
INSERT INTO `poin` VALUES (2548, '32', 'TSS-TST', 0);
INSERT INTO `poin` VALUES (2549, '32', 'TTR', 8);
INSERT INTO `poin` VALUES (2550, '32', 'TTS-TTT', 3);
INSERT INTO `poin` VALUES (2551, '33', 'RRR', 8);
INSERT INTO `poin` VALUES (2552, '33', 'RRS-RRT', 2);
INSERT INTO `poin` VALUES (2553, '33', 'RSR', 1);
INSERT INTO `poin` VALUES (2554, '33', 'RSS-RST', 4);
INSERT INTO `poin` VALUES (2555, '33', 'RTR', 3);
INSERT INTO `poin` VALUES (2556, '33', 'RTS-RTT', 0);
INSERT INTO `poin` VALUES (2557, '33', 'SRR', 1);
INSERT INTO `poin` VALUES (2558, '33', 'SRS-SRT', 1);
INSERT INTO `poin` VALUES (2559, '33', 'SSR', 1);
INSERT INTO `poin` VALUES (2560, '33', 'SSS-SST', 8);
INSERT INTO `poin` VALUES (2561, '33', 'STR', 1);
INSERT INTO `poin` VALUES (2562, '33', 'TSR', 8);
INSERT INTO `poin` VALUES (2563, '33', 'STS-STT', 6);
INSERT INTO `poin` VALUES (2564, '33', 'TRS-TRT', 0);
INSERT INTO `poin` VALUES (2565, '33', 'TSS-TST', 10);
INSERT INTO `poin` VALUES (2566, '33', 'TTR', 0);
INSERT INTO `poin` VALUES (2567, '33', 'TTS-TTT', 1);
INSERT INTO `poin` VALUES (2568, '34', 'RRR', 9);
INSERT INTO `poin` VALUES (2569, '34', 'RRS-RRT', 0);
INSERT INTO `poin` VALUES (2570, '34', 'RSR', 14);
INSERT INTO `poin` VALUES (2571, '34', 'RSS-RST', 12);
INSERT INTO `poin` VALUES (2572, '34', 'RTR', 7);
INSERT INTO `poin` VALUES (2573, '34', 'RTS-RTT', 8);
INSERT INTO `poin` VALUES (2574, '34', 'SRR', 4);
INSERT INTO `poin` VALUES (2575, '34', 'SRS-SRT', 4);
INSERT INTO `poin` VALUES (2576, '34', 'SSR', 1);
INSERT INTO `poin` VALUES (2577, '34', 'SSS-SST', 9);
INSERT INTO `poin` VALUES (2578, '34', 'STR', 1);
INSERT INTO `poin` VALUES (2579, '34', 'TSR', 9);
INSERT INTO `poin` VALUES (2580, '34', 'STS-STT', 6);
INSERT INTO `poin` VALUES (2581, '34', 'TRS-TRT', 13);
INSERT INTO `poin` VALUES (2582, '34', 'TSS-TST', 10);
INSERT INTO `poin` VALUES (2583, '34', 'TTR', 8);
INSERT INTO `poin` VALUES (2584, '34', 'TTS-TTT', 4);
INSERT INTO `poin` VALUES (2585, '35', 'RRR', 9);
INSERT INTO `poin` VALUES (2586, '35', 'RRS-RRT', 2);
INSERT INTO `poin` VALUES (2587, '35', 'RSR', 2);
INSERT INTO `poin` VALUES (2588, '35', 'RSS-RST', 0);
INSERT INTO `poin` VALUES (2589, '35', 'RTR', 2);
INSERT INTO `poin` VALUES (2590, '35', 'RTS-RTT', 8);
INSERT INTO `poin` VALUES (2591, '35', 'SRR', 4);
INSERT INTO `poin` VALUES (2592, '35', 'SRS-SRT', 3);
INSERT INTO `poin` VALUES (2593, '35', 'SSR', 1);
INSERT INTO `poin` VALUES (2594, '35', 'SSS-SST', 9);
INSERT INTO `poin` VALUES (2595, '35', 'STR', 1);
INSERT INTO `poin` VALUES (2596, '35', 'TSR', 9);
INSERT INTO `poin` VALUES (2597, '35', 'STS-STT', 6);
INSERT INTO `poin` VALUES (2598, '35', 'TRS-TRT', 13);
INSERT INTO `poin` VALUES (2599, '35', 'TSS-TST', 10);
INSERT INTO `poin` VALUES (2600, '35', 'TTR', 8);
INSERT INTO `poin` VALUES (2601, '35', 'TTS-TTT', 4);
INSERT INTO `poin` VALUES (2602, '36', 'RRR', 0);
INSERT INTO `poin` VALUES (2603, '36', 'RRS-RRT', 0);
INSERT INTO `poin` VALUES (2604, '36', 'RSR', 0);
INSERT INTO `poin` VALUES (2605, '36', 'RSS-RST', 0);
INSERT INTO `poin` VALUES (2606, '36', 'RTR', 0);
INSERT INTO `poin` VALUES (2607, '36', 'RTS-RTT', 0);
INSERT INTO `poin` VALUES (2608, '36', 'SRR', 0);
INSERT INTO `poin` VALUES (2609, '36', 'SRS-SRT', 0);
INSERT INTO `poin` VALUES (2610, '36', 'SSR', 0);
INSERT INTO `poin` VALUES (2611, '36', 'SSS-SST', 0);
INSERT INTO `poin` VALUES (2612, '36', 'STR', 0);
INSERT INTO `poin` VALUES (2613, '36', 'TSR', 0);
INSERT INTO `poin` VALUES (2614, '36', 'STS-STT', 0);
INSERT INTO `poin` VALUES (2615, '36', 'TRS-TRT', 0);
INSERT INTO `poin` VALUES (2616, '36', 'TSS-TST', 0);
INSERT INTO `poin` VALUES (2617, '36', 'TTR', 0);
INSERT INTO `poin` VALUES (2618, '36', 'TTS-TTT', 0);
INSERT INTO `poin` VALUES (2619, '37', 'RRR', 1);
INSERT INTO `poin` VALUES (2620, '37', 'RRS-RRT', 14);
INSERT INTO `poin` VALUES (2621, '37', 'RSR', 3);
INSERT INTO `poin` VALUES (2622, '37', 'RSS-RST', 4);
INSERT INTO `poin` VALUES (2623, '37', 'RTR', 1);
INSERT INTO `poin` VALUES (2624, '37', 'RTS-RTT', 8);
INSERT INTO `poin` VALUES (2625, '37', 'SRR', 3);
INSERT INTO `poin` VALUES (2626, '37', 'SRS-SRT', 4);
INSERT INTO `poin` VALUES (2627, '37', 'SSR', 0);
INSERT INTO `poin` VALUES (2628, '37', 'SSS-SST', 1);
INSERT INTO `poin` VALUES (2629, '37', 'STR', 0);
INSERT INTO `poin` VALUES (2630, '37', 'TSR', 1);
INSERT INTO `poin` VALUES (2631, '37', 'STS-STT', 0);
INSERT INTO `poin` VALUES (2632, '37', 'TRS-TRT', 13);
INSERT INTO `poin` VALUES (2633, '37', 'TSS-TST', 0);
INSERT INTO `poin` VALUES (2634, '37', 'TTR', 8);
INSERT INTO `poin` VALUES (2635, '37', 'TTS-TTT', 3);
INSERT INTO `poin` VALUES (2636, '38', 'RRR', 0);
INSERT INTO `poin` VALUES (2637, '38', 'RRS-RRT', 0);
INSERT INTO `poin` VALUES (2638, '38', 'RSR', 5);
INSERT INTO `poin` VALUES (2639, '38', 'RSS-RST', 3);
INSERT INTO `poin` VALUES (2640, '38', 'RTR', 12);
INSERT INTO `poin` VALUES (2641, '38', 'RTS-RTT', 6);
INSERT INTO `poin` VALUES (2642, '38', 'SRR', 3);
INSERT INTO `poin` VALUES (2643, '38', 'SRS-SRT', 2);
INSERT INTO `poin` VALUES (2644, '38', 'SSR', 4);
INSERT INTO `poin` VALUES (2645, '38', 'SSS-SST', 3);
INSERT INTO `poin` VALUES (2646, '38', 'STR', 9);
INSERT INTO `poin` VALUES (2647, '38', 'TSR', 9);
INSERT INTO `poin` VALUES (2648, '38', 'STS-STT', 5);
INSERT INTO `poin` VALUES (2649, '38', 'TRS-TRT', 6);
INSERT INTO `poin` VALUES (2650, '38', 'TSS-TST', 5);
INSERT INTO `poin` VALUES (2651, '38', 'TTR', 6);
INSERT INTO `poin` VALUES (2652, '38', 'TTS-TTT', 3);
INSERT INTO `poin` VALUES (2653, '39', 'RRR', 0);
INSERT INTO `poin` VALUES (2654, '39', 'RRS-RRT', 8);
INSERT INTO `poin` VALUES (2655, '39', 'RSR', 8);
INSERT INTO `poin` VALUES (2656, '39', 'RSS-RST', 10);
INSERT INTO `poin` VALUES (2657, '39', 'RTR', 9);
INSERT INTO `poin` VALUES (2658, '39', 'RTS-RTT', 12);
INSERT INTO `poin` VALUES (2659, '39', 'SRR', 3);
INSERT INTO `poin` VALUES (2660, '39', 'SRS-SRT', 8);
INSERT INTO `poin` VALUES (2661, '39', 'SSR', 6);
INSERT INTO `poin` VALUES (2662, '39', 'SSS-SST', 10);
INSERT INTO `poin` VALUES (2663, '39', 'STR', 10);
INSERT INTO `poin` VALUES (2664, '39', 'TSR', 1);
INSERT INTO `poin` VALUES (2665, '39', 'STS-STT', 12);
INSERT INTO `poin` VALUES (2666, '39', 'TRS-TRT', 2);
INSERT INTO `poin` VALUES (2667, '39', 'TSS-TST', 3);
INSERT INTO `poin` VALUES (2668, '39', 'TTR', 3);
INSERT INTO `poin` VALUES (2669, '39', 'TTS-TTT', 4);
INSERT INTO `poin` VALUES (2670, '40', 'RRR', 0);
INSERT INTO `poin` VALUES (2671, '40', 'RRS-RRT', 8);
INSERT INTO `poin` VALUES (2672, '40', 'RSR', 0);
INSERT INTO `poin` VALUES (2673, '40', 'RSS-RST', 6);
INSERT INTO `poin` VALUES (2674, '40', 'RTR', 0);
INSERT INTO `poin` VALUES (2675, '40', 'RTS-RTT', 3);
INSERT INTO `poin` VALUES (2676, '40', 'SRR', 3);
INSERT INTO `poin` VALUES (2677, '40', 'SRS-SRT', 6);
INSERT INTO `poin` VALUES (2678, '40', 'SSR', 3);
INSERT INTO `poin` VALUES (2679, '40', 'SSS-SST', 5);
INSERT INTO `poin` VALUES (2680, '40', 'STR', 1);
INSERT INTO `poin` VALUES (2681, '40', 'TSR', 0);
INSERT INTO `poin` VALUES (2682, '40', 'STS-STT', 2);
INSERT INTO `poin` VALUES (2683, '40', 'TRS-TRT', 2);
INSERT INTO `poin` VALUES (2684, '40', 'TSS-TST', 2);
INSERT INTO `poin` VALUES (2685, '40', 'TTR', 0);
INSERT INTO `poin` VALUES (2686, '40', 'TTS-TTT', 1);
INSERT INTO `poin` VALUES (2687, '41', 'RRR', 0);
INSERT INTO `poin` VALUES (2688, '41', 'RRS-RRT', 0);
INSERT INTO `poin` VALUES (2689, '41', 'RSR', 11);
INSERT INTO `poin` VALUES (2690, '41', 'RSS-RST', 3);
INSERT INTO `poin` VALUES (2691, '41', 'RTR', 3);
INSERT INTO `poin` VALUES (2692, '41', 'RTS-RTT', 5);
INSERT INTO `poin` VALUES (2693, '41', 'SRR', 3);
INSERT INTO `poin` VALUES (2694, '41', 'SRS-SRT', 3);
INSERT INTO `poin` VALUES (2695, '41', 'SSR', 3);
INSERT INTO `poin` VALUES (2696, '41', 'SSS-SST', 4);
INSERT INTO `poin` VALUES (2697, '41', 'STR', 3);
INSERT INTO `poin` VALUES (2698, '41', 'TSR', 0);
INSERT INTO `poin` VALUES (2699, '41', 'STS-STT', 5);
INSERT INTO `poin` VALUES (2700, '41', 'TRS-TRT', 0);
INSERT INTO `poin` VALUES (2701, '41', 'TSS-TST', 0);
INSERT INTO `poin` VALUES (2702, '41', 'TTR', 0);
INSERT INTO `poin` VALUES (2703, '41', 'TTS-TTT', 1);
INSERT INTO `poin` VALUES (2704, '42', 'RRR', 0);
INSERT INTO `poin` VALUES (2705, '42', 'RRS-RRT', 8);
INSERT INTO `poin` VALUES (2706, '42', 'RSR', 5);
INSERT INTO `poin` VALUES (2707, '42', 'RSS-RST', 9);
INSERT INTO `poin` VALUES (2708, '42', 'RTR', 12);
INSERT INTO `poin` VALUES (2709, '42', 'RTS-RTT', 9);
INSERT INTO `poin` VALUES (2710, '42', 'SRR', 3);
INSERT INTO `poin` VALUES (2711, '42', 'SRS-SRT', 6);
INSERT INTO `poin` VALUES (2712, '42', 'SSR', 6);
INSERT INTO `poin` VALUES (2713, '42', 'SSS-SST', 7);
INSERT INTO `poin` VALUES (2714, '42', 'STR', 8);
INSERT INTO `poin` VALUES (2715, '42', 'TSR', 1);
INSERT INTO `poin` VALUES (2716, '42', 'STS-STT', 6);
INSERT INTO `poin` VALUES (2717, '42', 'TRS-TRT', 2);
INSERT INTO `poin` VALUES (2718, '42', 'TSS-TST', 3);
INSERT INTO `poin` VALUES (2719, '42', 'TTR', 3);
INSERT INTO `poin` VALUES (2720, '42', 'TTS-TTT', 3);
INSERT INTO `poin` VALUES (2721, '43', 'RRR', 0);
INSERT INTO `poin` VALUES (2722, '43', 'RRS-RRT', 8);
INSERT INTO `poin` VALUES (2723, '43', 'RSR', 5);
INSERT INTO `poin` VALUES (2724, '43', 'RSS-RST', 9);
INSERT INTO `poin` VALUES (2725, '43', 'RTR', 12);
INSERT INTO `poin` VALUES (2726, '43', 'RTS-RTT', 9);
INSERT INTO `poin` VALUES (2727, '43', 'SRR', 3);
INSERT INTO `poin` VALUES (2728, '43', 'SRS-SRT', 6);
INSERT INTO `poin` VALUES (2729, '43', 'SSR', 6);
INSERT INTO `poin` VALUES (2730, '43', 'SSS-SST', 7);
INSERT INTO `poin` VALUES (2731, '43', 'STR', 8);
INSERT INTO `poin` VALUES (2732, '43', 'TSR', 1);
INSERT INTO `poin` VALUES (2733, '43', 'STS-STT', 6);
INSERT INTO `poin` VALUES (2734, '43', 'TRS-TRT', 2);
INSERT INTO `poin` VALUES (2735, '43', 'TSS-TST', 3);
INSERT INTO `poin` VALUES (2736, '43', 'TTR', 3);
INSERT INTO `poin` VALUES (2737, '43', 'TTS-TTT', 3);
INSERT INTO `poin` VALUES (2738, '44', 'RRR', 5);
INSERT INTO `poin` VALUES (2739, '44', 'RRS-RRT', 6);
INSERT INTO `poin` VALUES (2740, '44', 'RSR', 7);
INSERT INTO `poin` VALUES (2741, '44', 'RSS-RST', 6);
INSERT INTO `poin` VALUES (2742, '44', 'RTR', 8);
INSERT INTO `poin` VALUES (2743, '44', 'RTS-RTT', 8);
INSERT INTO `poin` VALUES (2744, '44', 'SRR', 7);
INSERT INTO `poin` VALUES (2745, '44', 'SRS-SRT', 8);
INSERT INTO `poin` VALUES (2746, '44', 'SSR', 8);
INSERT INTO `poin` VALUES (2747, '44', 'SSS-SST', 6);
INSERT INTO `poin` VALUES (2748, '44', 'STR', 8);
INSERT INTO `poin` VALUES (2749, '44', 'TSR', 10);
INSERT INTO `poin` VALUES (2750, '44', 'STS-STT', 5);
INSERT INTO `poin` VALUES (2751, '44', 'TRS-TRT', 11);
INSERT INTO `poin` VALUES (2752, '44', 'TSS-TST', 5);
INSERT INTO `poin` VALUES (2753, '44', 'TTR', 9);
INSERT INTO `poin` VALUES (2754, '44', 'TTS-TTT', 0);
INSERT INTO `poin` VALUES (2755, '45', 'RRR', 1);
INSERT INTO `poin` VALUES (2756, '45', 'RRS-RRT', 3);
INSERT INTO `poin` VALUES (2757, '45', 'RSR', 3);
INSERT INTO `poin` VALUES (2758, '45', 'RSS-RST', 3);
INSERT INTO `poin` VALUES (2759, '45', 'RTR', 5);
INSERT INTO `poin` VALUES (2760, '45', 'RTS-RTT', 7);
INSERT INTO `poin` VALUES (2761, '45', 'SRR', 5);
INSERT INTO `poin` VALUES (2762, '45', 'SRS-SRT', 7);
INSERT INTO `poin` VALUES (2763, '45', 'SSR', 7);
INSERT INTO `poin` VALUES (2764, '45', 'SSS-SST', 9);
INSERT INTO `poin` VALUES (2765, '45', 'STR', 8);
INSERT INTO `poin` VALUES (2766, '45', 'TSR', 11);
INSERT INTO `poin` VALUES (2767, '45', 'STS-STT', 11);
INSERT INTO `poin` VALUES (2768, '45', 'TRS-TRT', 12);
INSERT INTO `poin` VALUES (2769, '45', 'TSS-TST', 12);
INSERT INTO `poin` VALUES (2770, '45', 'TTR', 12);
INSERT INTO `poin` VALUES (2771, '45', 'TTS-TTT', 12);
INSERT INTO `poin` VALUES (2772, '46', 'RRR', 1);
INSERT INTO `poin` VALUES (2773, '46', 'RRS-RRT', 3);
INSERT INTO `poin` VALUES (2774, '46', 'RSR', 3);
INSERT INTO `poin` VALUES (2775, '46', 'RSS-RST', 3);
INSERT INTO `poin` VALUES (2776, '46', 'RTR', 5);
INSERT INTO `poin` VALUES (2777, '46', 'RTS-RTT', 7);
INSERT INTO `poin` VALUES (2778, '46', 'SRR', 5);
INSERT INTO `poin` VALUES (2779, '46', 'SRS-SRT', 7);
INSERT INTO `poin` VALUES (2780, '46', 'SSR', 7);
INSERT INTO `poin` VALUES (2781, '46', 'SSS-SST', 9);
INSERT INTO `poin` VALUES (2782, '46', 'STR', 8);
INSERT INTO `poin` VALUES (2783, '46', 'TSR', 11);
INSERT INTO `poin` VALUES (2784, '46', 'STS-STT', 11);
INSERT INTO `poin` VALUES (2785, '46', 'TRS-TRT', 12);
INSERT INTO `poin` VALUES (2786, '46', 'TSS-TST', 12);
INSERT INTO `poin` VALUES (2787, '46', 'TTR', 12);
INSERT INTO `poin` VALUES (2788, '46', 'TTS-TTT', 12);
INSERT INTO `poin` VALUES (2789, '47', 'RRR', 1);
INSERT INTO `poin` VALUES (2790, '47', 'RRS-RRT', 3);
INSERT INTO `poin` VALUES (2791, '47', 'RSR', 3);
INSERT INTO `poin` VALUES (2792, '47', 'RSS-RST', 3);
INSERT INTO `poin` VALUES (2793, '47', 'RTR', 5);
INSERT INTO `poin` VALUES (2794, '47', 'RTS-RTT', 7);
INSERT INTO `poin` VALUES (2795, '47', 'SRR', 5);
INSERT INTO `poin` VALUES (2796, '47', 'SRS-SRT', 7);
INSERT INTO `poin` VALUES (2797, '47', 'SSR', 7);
INSERT INTO `poin` VALUES (2798, '47', 'SSS-SST', 9);
INSERT INTO `poin` VALUES (2799, '47', 'STR', 8);
INSERT INTO `poin` VALUES (2800, '47', 'TSR', 11);
INSERT INTO `poin` VALUES (2801, '47', 'STS-STT', 11);
INSERT INTO `poin` VALUES (2802, '47', 'TRS-TRT', 12);
INSERT INTO `poin` VALUES (2803, '47', 'TSS-TST', 12);
INSERT INTO `poin` VALUES (2804, '47', 'TTR', 12);
INSERT INTO `poin` VALUES (2805, '47', 'TTS-TTT', 12);
INSERT INTO `poin` VALUES (2806, '48', 'RRR', 1);
INSERT INTO `poin` VALUES (2807, '48', 'RRS-RRT', 3);
INSERT INTO `poin` VALUES (2808, '48', 'RSR', 3);
INSERT INTO `poin` VALUES (2809, '48', 'RSS-RST', 3);
INSERT INTO `poin` VALUES (2810, '48', 'RTR', 5);
INSERT INTO `poin` VALUES (2811, '48', 'RTS-RTT', 7);
INSERT INTO `poin` VALUES (2812, '48', 'SRR', 5);
INSERT INTO `poin` VALUES (2813, '48', 'SRS-SRT', 7);
INSERT INTO `poin` VALUES (2814, '48', 'SSR', 7);
INSERT INTO `poin` VALUES (2815, '48', 'SSS-SST', 9);
INSERT INTO `poin` VALUES (2816, '48', 'STR', 8);
INSERT INTO `poin` VALUES (2817, '48', 'TSR', 11);
INSERT INTO `poin` VALUES (2818, '48', 'STS-STT', 11);
INSERT INTO `poin` VALUES (2819, '48', 'TRS-TRT', 12);
INSERT INTO `poin` VALUES (2820, '48', 'TSS-TST', 12);
INSERT INTO `poin` VALUES (2821, '48', 'TTR', 12);
INSERT INTO `poin` VALUES (2822, '48', 'TTS-TTT', 12);
INSERT INTO `poin` VALUES (2823, '49', 'RRR', 1);
INSERT INTO `poin` VALUES (2824, '49', 'RRS-RRT', 3);
INSERT INTO `poin` VALUES (2825, '49', 'RSR', 3);
INSERT INTO `poin` VALUES (2826, '49', 'RSS-RST', 3);
INSERT INTO `poin` VALUES (2827, '49', 'RTR', 5);
INSERT INTO `poin` VALUES (2828, '49', 'RTS-RTT', 7);
INSERT INTO `poin` VALUES (2829, '49', 'SRR', 5);
INSERT INTO `poin` VALUES (2830, '49', 'SRS-SRT', 7);
INSERT INTO `poin` VALUES (2831, '49', 'SSR', 7);
INSERT INTO `poin` VALUES (2832, '49', 'SSS-SST', 9);
INSERT INTO `poin` VALUES (2833, '49', 'STR', 8);
INSERT INTO `poin` VALUES (2834, '49', 'TSR', 11);
INSERT INTO `poin` VALUES (2835, '49', 'STS-STT', 11);
INSERT INTO `poin` VALUES (2836, '49', 'TRS-TRT', 12);
INSERT INTO `poin` VALUES (2837, '49', 'TSS-TST', 12);
INSERT INTO `poin` VALUES (2838, '49', 'TTR', 12);
INSERT INTO `poin` VALUES (2839, '49', 'TTS-TTT', 12);
INSERT INTO `poin` VALUES (2840, '50', 'RRR', 1);
INSERT INTO `poin` VALUES (2841, '50', 'RRS-RRT', 3);
INSERT INTO `poin` VALUES (2842, '50', 'RSR', 3);
INSERT INTO `poin` VALUES (2843, '50', 'RSS-RST', 3);
INSERT INTO `poin` VALUES (2844, '50', 'RTR', 5);
INSERT INTO `poin` VALUES (2845, '50', 'RTS-RTT', 7);
INSERT INTO `poin` VALUES (2846, '50', 'SRR', 5);
INSERT INTO `poin` VALUES (2847, '50', 'SRS-SRT', 7);
INSERT INTO `poin` VALUES (2848, '50', 'SSR', 7);
INSERT INTO `poin` VALUES (2849, '50', 'SSS-SST', 9);
INSERT INTO `poin` VALUES (2850, '50', 'STR', 8);
INSERT INTO `poin` VALUES (2851, '50', 'TSR', 11);
INSERT INTO `poin` VALUES (2852, '50', 'STS-STT', 11);
INSERT INTO `poin` VALUES (2853, '50', 'TRS-TRT', 12);
INSERT INTO `poin` VALUES (2854, '50', 'TSS-TST', 12);
INSERT INTO `poin` VALUES (2855, '50', 'TTR', 12);
INSERT INTO `poin` VALUES (2856, '50', 'TTS-TTT', 12);
INSERT INTO `poin` VALUES (2857, '51', 'RRR', 1);
INSERT INTO `poin` VALUES (2858, '51', 'RRS-RRT', 3);
INSERT INTO `poin` VALUES (2859, '51', 'RSR', 3);
INSERT INTO `poin` VALUES (2860, '51', 'RSS-RST', 3);
INSERT INTO `poin` VALUES (2861, '51', 'RTR', 5);
INSERT INTO `poin` VALUES (2862, '51', 'RTS-RTT', 7);
INSERT INTO `poin` VALUES (2863, '51', 'SRR', 5);
INSERT INTO `poin` VALUES (2864, '51', 'SRS-SRT', 7);
INSERT INTO `poin` VALUES (2865, '51', 'SSR', 7);
INSERT INTO `poin` VALUES (2866, '51', 'SSS-SST', 9);
INSERT INTO `poin` VALUES (2867, '51', 'STR', 8);
INSERT INTO `poin` VALUES (2868, '51', 'TSR', 11);
INSERT INTO `poin` VALUES (2869, '51', 'STS-STT', 11);
INSERT INTO `poin` VALUES (2870, '51', 'TRS-TRT', 12);
INSERT INTO `poin` VALUES (2871, '51', 'TSS-TST', 12);
INSERT INTO `poin` VALUES (2872, '51', 'TTR', 12);
INSERT INTO `poin` VALUES (2873, '51', 'TTS-TTT', 12);
INSERT INTO `poin` VALUES (2874, '52', 'RRR', 1);
INSERT INTO `poin` VALUES (2875, '52', 'RRS-RRT', 3);
INSERT INTO `poin` VALUES (2876, '52', 'RSR', 3);
INSERT INTO `poin` VALUES (2877, '52', 'RSS-RST', 3);
INSERT INTO `poin` VALUES (2878, '52', 'RTR', 5);
INSERT INTO `poin` VALUES (2879, '52', 'RTS-RTT', 7);
INSERT INTO `poin` VALUES (2880, '52', 'SRR', 5);
INSERT INTO `poin` VALUES (2881, '52', 'SRS-SRT', 7);
INSERT INTO `poin` VALUES (2882, '52', 'SSR', 7);
INSERT INTO `poin` VALUES (2883, '52', 'SSS-SST', 9);
INSERT INTO `poin` VALUES (2884, '52', 'STR', 8);
INSERT INTO `poin` VALUES (2885, '52', 'TSR', 11);
INSERT INTO `poin` VALUES (2886, '52', 'STS-STT', 11);
INSERT INTO `poin` VALUES (2887, '52', 'TRS-TRT', 12);
INSERT INTO `poin` VALUES (2888, '52', 'TSS-TST', 12);
INSERT INTO `poin` VALUES (2889, '52', 'TTR', 12);
INSERT INTO `poin` VALUES (2890, '52', 'TTS-TTT', 12);
INSERT INTO `poin` VALUES (2891, '53', 'RRR', 1);
INSERT INTO `poin` VALUES (2892, '53', 'RRS-RRT', 3);
INSERT INTO `poin` VALUES (2893, '53', 'RSR', 3);
INSERT INTO `poin` VALUES (2894, '53', 'RSS-RST', 3);
INSERT INTO `poin` VALUES (2895, '53', 'RTR', 5);
INSERT INTO `poin` VALUES (2896, '53', 'RTS-RTT', 7);
INSERT INTO `poin` VALUES (2897, '53', 'SRR', 5);
INSERT INTO `poin` VALUES (2898, '53', 'SRS-SRT', 7);
INSERT INTO `poin` VALUES (2899, '53', 'SSR', 7);
INSERT INTO `poin` VALUES (2900, '53', 'SSS-SST', 9);
INSERT INTO `poin` VALUES (2901, '53', 'STR', 8);
INSERT INTO `poin` VALUES (2902, '53', 'TSR', 11);
INSERT INTO `poin` VALUES (2903, '53', 'STS-STT', 11);
INSERT INTO `poin` VALUES (2904, '53', 'TRS-TRT', 12);
INSERT INTO `poin` VALUES (2905, '53', 'TSS-TST', 12);
INSERT INTO `poin` VALUES (2906, '53', 'TTR', 12);
INSERT INTO `poin` VALUES (2907, '53', 'TTS-TTT', 12);
INSERT INTO `poin` VALUES (2908, '54', 'RRR', 1);
INSERT INTO `poin` VALUES (2909, '54', 'RRS-RRT', 3);
INSERT INTO `poin` VALUES (2910, '54', 'RSR', 3);
INSERT INTO `poin` VALUES (2911, '54', 'RSS-RST', 3);
INSERT INTO `poin` VALUES (2912, '54', 'RTR', 5);
INSERT INTO `poin` VALUES (2913, '54', 'RTS-RTT', 7);
INSERT INTO `poin` VALUES (2914, '54', 'SRR', 5);
INSERT INTO `poin` VALUES (2915, '54', 'SRS-SRT', 7);
INSERT INTO `poin` VALUES (2916, '54', 'SSR', 7);
INSERT INTO `poin` VALUES (2917, '54', 'SSS-SST', 9);
INSERT INTO `poin` VALUES (2918, '54', 'STR', 8);
INSERT INTO `poin` VALUES (2919, '54', 'TSR', 11);
INSERT INTO `poin` VALUES (2920, '54', 'STS-STT', 11);
INSERT INTO `poin` VALUES (2921, '54', 'TRS-TRT', 12);
INSERT INTO `poin` VALUES (2922, '54', 'TSS-TST', 12);
INSERT INTO `poin` VALUES (2923, '54', 'TTR', 12);
INSERT INTO `poin` VALUES (2924, '54', 'TTS-TTT', 12);
INSERT INTO `poin` VALUES (2925, '55', 'RRR', 1);
INSERT INTO `poin` VALUES (2926, '55', 'RRS-RRT', 3);
INSERT INTO `poin` VALUES (2927, '55', 'RSR', 3);
INSERT INTO `poin` VALUES (2928, '55', 'RSS-RST', 3);
INSERT INTO `poin` VALUES (2929, '55', 'RTR', 5);
INSERT INTO `poin` VALUES (2930, '55', 'RTS-RTT', 7);
INSERT INTO `poin` VALUES (2931, '55', 'SRR', 5);
INSERT INTO `poin` VALUES (2932, '55', 'SRS-SRT', 7);
INSERT INTO `poin` VALUES (2933, '55', 'SSR', 7);
INSERT INTO `poin` VALUES (2934, '55', 'SSS-SST', 9);
INSERT INTO `poin` VALUES (2935, '55', 'STR', 8);
INSERT INTO `poin` VALUES (2936, '55', 'TSR', 11);
INSERT INTO `poin` VALUES (2937, '55', 'STS-STT', 11);
INSERT INTO `poin` VALUES (2938, '55', 'TRS-TRT', 12);
INSERT INTO `poin` VALUES (2939, '55', 'TSS-TST', 12);
INSERT INTO `poin` VALUES (2940, '55', 'TTR', 12);
INSERT INTO `poin` VALUES (2941, '55', 'TTS-TTT', 12);
INSERT INTO `poin` VALUES (2942, '56', 'RRR', 1);
INSERT INTO `poin` VALUES (2943, '56', 'RRS-RRT', 3);
INSERT INTO `poin` VALUES (2944, '56', 'RSR', 3);
INSERT INTO `poin` VALUES (2945, '56', 'RSS-RST', 3);
INSERT INTO `poin` VALUES (2946, '56', 'RTR', 5);
INSERT INTO `poin` VALUES (2947, '56', 'RTS-RTT', 7);
INSERT INTO `poin` VALUES (2948, '56', 'SRR', 5);
INSERT INTO `poin` VALUES (2949, '56', 'SRS-SRT', 7);
INSERT INTO `poin` VALUES (2950, '56', 'SSR', 7);
INSERT INTO `poin` VALUES (2951, '56', 'SSS-SST', 9);
INSERT INTO `poin` VALUES (2952, '56', 'STR', 8);
INSERT INTO `poin` VALUES (2953, '56', 'TSR', 11);
INSERT INTO `poin` VALUES (2954, '56', 'STS-STT', 11);
INSERT INTO `poin` VALUES (2955, '56', 'TRS-TRT', 12);
INSERT INTO `poin` VALUES (2956, '56', 'TSS-TST', 12);
INSERT INTO `poin` VALUES (2957, '56', 'TTR', 12);
INSERT INTO `poin` VALUES (2958, '56', 'TTS-TTT', 12);
INSERT INTO `poin` VALUES (2959, '57', 'RRR', 1);
INSERT INTO `poin` VALUES (2960, '57', 'RRS-RRT', 3);
INSERT INTO `poin` VALUES (2961, '57', 'RSR', 3);
INSERT INTO `poin` VALUES (2962, '57', 'RSS-RST', 3);
INSERT INTO `poin` VALUES (2963, '57', 'RTR', 5);
INSERT INTO `poin` VALUES (2964, '57', 'RTS-RTT', 7);
INSERT INTO `poin` VALUES (2965, '57', 'SRR', 5);
INSERT INTO `poin` VALUES (2966, '57', 'SRS-SRT', 7);
INSERT INTO `poin` VALUES (2967, '57', 'SSR', 7);
INSERT INTO `poin` VALUES (2968, '57', 'SSS-SST', 9);
INSERT INTO `poin` VALUES (2969, '57', 'STR', 8);
INSERT INTO `poin` VALUES (2970, '57', 'TSR', 11);
INSERT INTO `poin` VALUES (2971, '57', 'STS-STT', 11);
INSERT INTO `poin` VALUES (2972, '57', 'TRS-TRT', 12);
INSERT INTO `poin` VALUES (2973, '57', 'TSS-TST', 12);
INSERT INTO `poin` VALUES (2974, '57', 'TTR', 12);
INSERT INTO `poin` VALUES (2975, '57', 'TTS-TTT', 12);
INSERT INTO `poin` VALUES (2976, '58', 'RRR', 1);
INSERT INTO `poin` VALUES (2977, '58', 'RRS-RRT', 3);
INSERT INTO `poin` VALUES (2978, '58', 'RSR', 3);
INSERT INTO `poin` VALUES (2979, '58', 'RSS-RST', 3);
INSERT INTO `poin` VALUES (2980, '58', 'RTR', 5);
INSERT INTO `poin` VALUES (2981, '58', 'RTS-RTT', 7);
INSERT INTO `poin` VALUES (2982, '58', 'SRR', 5);
INSERT INTO `poin` VALUES (2983, '58', 'SRS-SRT', 7);
INSERT INTO `poin` VALUES (2984, '58', 'SSR', 7);
INSERT INTO `poin` VALUES (2985, '58', 'SSS-SST', 9);
INSERT INTO `poin` VALUES (2986, '58', 'STR', 8);
INSERT INTO `poin` VALUES (2987, '58', 'TSR', 11);
INSERT INTO `poin` VALUES (2988, '58', 'STS-STT', 11);
INSERT INTO `poin` VALUES (2989, '58', 'TRS-TRT', 12);
INSERT INTO `poin` VALUES (2990, '58', 'TSS-TST', 12);
INSERT INTO `poin` VALUES (2991, '58', 'TTR', 12);
INSERT INTO `poin` VALUES (2992, '58', 'TTS-TTT', 12);
INSERT INTO `poin` VALUES (2993, '59', 'RRR', 1);
INSERT INTO `poin` VALUES (2994, '59', 'RRS-RRT', 3);
INSERT INTO `poin` VALUES (2995, '59', 'RSR', 3);
INSERT INTO `poin` VALUES (2996, '59', 'RSS-RST', 3);
INSERT INTO `poin` VALUES (2997, '59', 'RTR', 5);
INSERT INTO `poin` VALUES (2998, '59', 'RTS-RTT', 7);
INSERT INTO `poin` VALUES (2999, '59', 'SRR', 5);
INSERT INTO `poin` VALUES (3000, '59', 'SRS-SRT', 7);
INSERT INTO `poin` VALUES (3001, '59', 'SSR', 7);
INSERT INTO `poin` VALUES (3002, '59', 'SSS-SST', 9);
INSERT INTO `poin` VALUES (3003, '59', 'STR', 8);
INSERT INTO `poin` VALUES (3004, '59', 'TSR', 11);
INSERT INTO `poin` VALUES (3005, '59', 'STS-STT', 11);
INSERT INTO `poin` VALUES (3006, '59', 'TRS-TRT', 12);
INSERT INTO `poin` VALUES (3007, '59', 'TSS-TST', 12);
INSERT INTO `poin` VALUES (3008, '59', 'TTR', 12);
INSERT INTO `poin` VALUES (3009, '59', 'TTS-TTT', 12);
INSERT INTO `poin` VALUES (3010, '60', 'RRR', 0);
INSERT INTO `poin` VALUES (3011, '60', 'RRS-RRT', 0);
INSERT INTO `poin` VALUES (3012, '60', 'RSR', 0);
INSERT INTO `poin` VALUES (3013, '60', 'RSS-RST', 11);
INSERT INTO `poin` VALUES (3014, '60', 'RTR', 11);
INSERT INTO `poin` VALUES (3015, '60', 'RTS-RTT', 11);
INSERT INTO `poin` VALUES (3016, '60', 'SRR', 3);
INSERT INTO `poin` VALUES (3017, '60', 'SRS-SRT', 3);
INSERT INTO `poin` VALUES (3018, '60', 'SSR', 3);
INSERT INTO `poin` VALUES (3019, '60', 'SSS-SST', 3);
INSERT INTO `poin` VALUES (3020, '60', 'STR', 3);
INSERT INTO `poin` VALUES (3021, '60', 'TSR', 0);
INSERT INTO `poin` VALUES (3022, '60', 'STS-STT', 3);
INSERT INTO `poin` VALUES (3023, '60', 'TRS-TRT', 1);
INSERT INTO `poin` VALUES (3024, '60', 'TSS-TST', 2);
INSERT INTO `poin` VALUES (3025, '60', 'TTR', 1);
INSERT INTO `poin` VALUES (3026, '60', 'TTS-TTT', 3);
INSERT INTO `poin` VALUES (3027, '61', 'RRR', 0);
INSERT INTO `poin` VALUES (3028, '61', 'RRS-RRT', 0);
INSERT INTO `poin` VALUES (3029, '61', 'RSR', 0);
INSERT INTO `poin` VALUES (3030, '61', 'RSS-RST', 11);
INSERT INTO `poin` VALUES (3031, '61', 'RTR', 11);
INSERT INTO `poin` VALUES (3032, '61', 'RTS-RTT', 11);
INSERT INTO `poin` VALUES (3033, '61', 'SRR', 3);
INSERT INTO `poin` VALUES (3034, '61', 'SRS-SRT', 3);
INSERT INTO `poin` VALUES (3035, '61', 'SSR', 3);
INSERT INTO `poin` VALUES (3036, '61', 'SSS-SST', 3);
INSERT INTO `poin` VALUES (3037, '61', 'STR', 3);
INSERT INTO `poin` VALUES (3038, '61', 'TSR', 0);
INSERT INTO `poin` VALUES (3039, '61', 'STS-STT', 3);
INSERT INTO `poin` VALUES (3040, '61', 'TRS-TRT', 0);
INSERT INTO `poin` VALUES (3041, '61', 'TSS-TST', 0);
INSERT INTO `poin` VALUES (3042, '61', 'TTR', 0);
INSERT INTO `poin` VALUES (3043, '61', 'TTS-TTT', 0);
INSERT INTO `poin` VALUES (3044, '62', 'RRR', 6);
INSERT INTO `poin` VALUES (3045, '62', 'RRS-RRT', 9);
INSERT INTO `poin` VALUES (3046, '62', 'RSR', 9);
INSERT INTO `poin` VALUES (3047, '62', 'RSS-RST', 9);
INSERT INTO `poin` VALUES (3048, '62', 'RTR', 9);
INSERT INTO `poin` VALUES (3049, '62', 'RTS-RTT', 11);
INSERT INTO `poin` VALUES (3050, '62', 'SRR', 7);
INSERT INTO `poin` VALUES (3051, '62', 'SRS-SRT', 8);
INSERT INTO `poin` VALUES (3052, '62', 'SSR', 10);
INSERT INTO `poin` VALUES (3053, '62', 'SSS-SST', 11);
INSERT INTO `poin` VALUES (3054, '62', 'STR', 7);
INSERT INTO `poin` VALUES (3055, '62', 'TSR', 11);
INSERT INTO `poin` VALUES (3056, '62', 'STS-STT', 7);
INSERT INTO `poin` VALUES (3057, '62', 'TRS-TRT', 10);
INSERT INTO `poin` VALUES (3058, '62', 'TSS-TST', 12);
INSERT INTO `poin` VALUES (3059, '62', 'TTR', 10);
INSERT INTO `poin` VALUES (3060, '62', 'TTS-TTT', 10);
INSERT INTO `poin` VALUES (3061, '63', 'RRR', 1);
INSERT INTO `poin` VALUES (3062, '63', 'RRS-RRT', 3);
INSERT INTO `poin` VALUES (3063, '63', 'RSR', 3);
INSERT INTO `poin` VALUES (3064, '63', 'RSS-RST', 3);
INSERT INTO `poin` VALUES (3065, '63', 'RTR', 5);
INSERT INTO `poin` VALUES (3066, '63', 'RTS-RTT', 7);
INSERT INTO `poin` VALUES (3067, '63', 'SRR', 4);
INSERT INTO `poin` VALUES (3068, '63', 'SRS-SRT', 6);
INSERT INTO `poin` VALUES (3069, '63', 'SSR', 6);
INSERT INTO `poin` VALUES (3070, '63', 'SSS-SST', 9);
INSERT INTO `poin` VALUES (3071, '63', 'STR', 7);
INSERT INTO `poin` VALUES (3072, '63', 'TSR', 4);
INSERT INTO `poin` VALUES (3073, '63', 'STS-STT', 11);
INSERT INTO `poin` VALUES (3074, '63', 'TRS-TRT', 5);
INSERT INTO `poin` VALUES (3075, '63', 'TSS-TST', 9);
INSERT INTO `poin` VALUES (3076, '63', 'TTR', 6);
INSERT INTO `poin` VALUES (3077, '63', 'TTS-TTT', 12);
INSERT INTO `poin` VALUES (3078, '64', 'RRR', 1);
INSERT INTO `poin` VALUES (3079, '64', 'RRS-RRT', 3);
INSERT INTO `poin` VALUES (3080, '64', 'RSR', 3);
INSERT INTO `poin` VALUES (3081, '64', 'RSS-RST', 3);
INSERT INTO `poin` VALUES (3082, '64', 'RTR', 4);
INSERT INTO `poin` VALUES (3083, '64', 'RTS-RTT', 7);
INSERT INTO `poin` VALUES (3084, '64', 'SRR', 3);
INSERT INTO `poin` VALUES (3085, '64', 'SRS-SRT', 5);
INSERT INTO `poin` VALUES (3086, '64', 'SSR', 7);
INSERT INTO `poin` VALUES (3087, '64', 'SSS-SST', 9);
INSERT INTO `poin` VALUES (3088, '64', 'STR', 5);
INSERT INTO `poin` VALUES (3089, '64', 'TSR', 9);
INSERT INTO `poin` VALUES (3090, '64', 'STS-STT', 7);
INSERT INTO `poin` VALUES (3091, '64', 'TRS-TRT', 5);
INSERT INTO `poin` VALUES (3092, '64', 'TSS-TST', 9);
INSERT INTO `poin` VALUES (3093, '64', 'TTR', 10);
INSERT INTO `poin` VALUES (3094, '64', 'TTS-TTT', 10);
INSERT INTO `poin` VALUES (3095, '65', 'RRR', 1);
INSERT INTO `poin` VALUES (3096, '65', 'RRS-RRT', 2);
INSERT INTO `poin` VALUES (3097, '65', 'RSR', 3);
INSERT INTO `poin` VALUES (3098, '65', 'RSS-RST', 2);
INSERT INTO `poin` VALUES (3099, '65', 'RTR', 4);
INSERT INTO `poin` VALUES (3100, '65', 'RTS-RTT', 5);
INSERT INTO `poin` VALUES (3101, '65', 'SRR', 2);
INSERT INTO `poin` VALUES (3102, '65', 'SRS-SRT', 4);
INSERT INTO `poin` VALUES (3103, '65', 'SSR', 4);
INSERT INTO `poin` VALUES (3104, '65', 'SSS-SST', 5);
INSERT INTO `poin` VALUES (3105, '65', 'STR', 4);
INSERT INTO `poin` VALUES (3106, '65', 'TSR', 6);
INSERT INTO `poin` VALUES (3107, '65', 'STS-STT', 3);
INSERT INTO `poin` VALUES (3108, '65', 'TRS-TRT', 8);
INSERT INTO `poin` VALUES (3109, '65', 'TSS-TST', 9);
INSERT INTO `poin` VALUES (3110, '65', 'TTR', 5);
INSERT INTO `poin` VALUES (3111, '65', 'TTS-TTT', 8);
INSERT INTO `poin` VALUES (3112, '66', 'RRR', 1);
INSERT INTO `poin` VALUES (3113, '66', 'RRS-RRT', 3);
INSERT INTO `poin` VALUES (3114, '66', 'RSR', 3);
INSERT INTO `poin` VALUES (3115, '66', 'RSS-RST', 3);
INSERT INTO `poin` VALUES (3116, '66', 'RTR', 5);
INSERT INTO `poin` VALUES (3117, '66', 'RTS-RTT', 7);
INSERT INTO `poin` VALUES (3118, '66', 'SRR', 6);
INSERT INTO `poin` VALUES (3119, '66', 'SRS-SRT', 7);
INSERT INTO `poin` VALUES (3120, '66', 'SSR', 7);
INSERT INTO `poin` VALUES (3121, '66', 'SSS-SST', 9);
INSERT INTO `poin` VALUES (3122, '66', 'STR', 8);
INSERT INTO `poin` VALUES (3123, '66', 'TSR', 11);
INSERT INTO `poin` VALUES (3124, '66', 'STS-STT', 11);
INSERT INTO `poin` VALUES (3125, '66', 'TRS-TRT', 12);
INSERT INTO `poin` VALUES (3126, '66', 'TSS-TST', 12);
INSERT INTO `poin` VALUES (3127, '66', 'TTR', 12);
INSERT INTO `poin` VALUES (3128, '66', 'TTS-TTT', 12);
INSERT INTO `poin` VALUES (3129, '67', 'RRR', 1);
INSERT INTO `poin` VALUES (3130, '67', 'RRS-RRT', 3);
INSERT INTO `poin` VALUES (3131, '67', 'RSR', 3);
INSERT INTO `poin` VALUES (3132, '67', 'RSS-RST', 3);
INSERT INTO `poin` VALUES (3133, '67', 'RTR', 5);
INSERT INTO `poin` VALUES (3134, '67', 'RTS-RTT', 7);
INSERT INTO `poin` VALUES (3135, '67', 'SRR', 4);
INSERT INTO `poin` VALUES (3136, '67', 'SRS-SRT', 6);
INSERT INTO `poin` VALUES (3137, '67', 'SSR', 6);
INSERT INTO `poin` VALUES (3138, '67', 'SSS-SST', 9);
INSERT INTO `poin` VALUES (3139, '67', 'STR', 7);
INSERT INTO `poin` VALUES (3140, '67', 'TSR', 4);
INSERT INTO `poin` VALUES (3141, '67', 'STS-STT', 11);
INSERT INTO `poin` VALUES (3142, '67', 'TRS-TRT', 5);
INSERT INTO `poin` VALUES (3143, '67', 'TSS-TST', 9);
INSERT INTO `poin` VALUES (3144, '67', 'TTR', 6);
INSERT INTO `poin` VALUES (3145, '67', 'TTS-TTT', 12);
INSERT INTO `poin` VALUES (3146, '68', 'RRR', 3);
INSERT INTO `poin` VALUES (3147, '68', 'RRS-RRT', 3);
INSERT INTO `poin` VALUES (3148, '68', 'RSR', 7);
INSERT INTO `poin` VALUES (3149, '68', 'RSS-RST', 3);
INSERT INTO `poin` VALUES (3150, '68', 'RTR', 9);
INSERT INTO `poin` VALUES (3151, '68', 'RTS-RTT', 7);
INSERT INTO `poin` VALUES (3152, '68', 'SRR', 4);
INSERT INTO `poin` VALUES (3153, '68', 'SRS-SRT', 5);
INSERT INTO `poin` VALUES (3154, '68', 'SSR', 9);
INSERT INTO `poin` VALUES (3155, '68', 'SSS-SST', 9);
INSERT INTO `poin` VALUES (3156, '68', 'STR', 7);
INSERT INTO `poin` VALUES (3157, '68', 'TSR', 9);
INSERT INTO `poin` VALUES (3158, '68', 'STS-STT', 7);
INSERT INTO `poin` VALUES (3159, '68', 'TRS-TRT', 5);
INSERT INTO `poin` VALUES (3160, '68', 'TSS-TST', 9);
INSERT INTO `poin` VALUES (3161, '68', 'TTR', 10);
INSERT INTO `poin` VALUES (3162, '68', 'TTS-TTT', 10);
INSERT INTO `poin` VALUES (3163, '69', 'RRR', 1);
INSERT INTO `poin` VALUES (3164, '69', 'RRS-RRT', 3);
INSERT INTO `poin` VALUES (3165, '69', 'RSR', 3);
INSERT INTO `poin` VALUES (3166, '69', 'RSS-RST', 3);
INSERT INTO `poin` VALUES (3167, '69', 'RTR', 5);
INSERT INTO `poin` VALUES (3168, '69', 'RTS-RTT', 7);
INSERT INTO `poin` VALUES (3169, '69', 'SRR', 5);
INSERT INTO `poin` VALUES (3170, '69', 'SRS-SRT', 7);
INSERT INTO `poin` VALUES (3171, '69', 'SSR', 7);
INSERT INTO `poin` VALUES (3172, '69', 'SSS-SST', 9);
INSERT INTO `poin` VALUES (3173, '69', 'STR', 8);
INSERT INTO `poin` VALUES (3174, '69', 'TSR', 11);
INSERT INTO `poin` VALUES (3175, '69', 'STS-STT', 11);
INSERT INTO `poin` VALUES (3176, '69', 'TRS-TRT', 12);
INSERT INTO `poin` VALUES (3177, '69', 'TSS-TST', 12);
INSERT INTO `poin` VALUES (3178, '69', 'TTR', 12);
INSERT INTO `poin` VALUES (3179, '69', 'TTS-TTT', 12);
INSERT INTO `poin` VALUES (3180, '70', 'RRR', 5);
INSERT INTO `poin` VALUES (3181, '70', 'RRS-RRT', 8);
INSERT INTO `poin` VALUES (3182, '70', 'RSR', 5);
INSERT INTO `poin` VALUES (3183, '70', 'RSS-RST', 8);
INSERT INTO `poin` VALUES (3184, '70', 'RTR', 5);
INSERT INTO `poin` VALUES (3185, '70', 'RTS-RTT', 8);
INSERT INTO `poin` VALUES (3186, '70', 'SRR', 5);
INSERT INTO `poin` VALUES (3187, '70', 'SRS-SRT', 6);
INSERT INTO `poin` VALUES (3188, '70', 'SSR', 5);
INSERT INTO `poin` VALUES (3189, '70', 'SSS-SST', 6);
INSERT INTO `poin` VALUES (3190, '70', 'STR', 5);
INSERT INTO `poin` VALUES (3191, '70', 'TSR', 6);
INSERT INTO `poin` VALUES (3192, '70', 'STS-STT', 6);
INSERT INTO `poin` VALUES (3193, '70', 'TRS-TRT', 9);
INSERT INTO `poin` VALUES (3194, '70', 'TSS-TST', 9);
INSERT INTO `poin` VALUES (3195, '70', 'TTR', 6);
INSERT INTO `poin` VALUES (3196, '70', 'TTS-TTT', 9);
INSERT INTO `poin` VALUES (3197, '71', 'RRR', 3);
INSERT INTO `poin` VALUES (3198, '71', 'RRS-RRT', 3);
INSERT INTO `poin` VALUES (3199, '71', 'RSR', 7);
INSERT INTO `poin` VALUES (3200, '71', 'RSS-RST', 3);
INSERT INTO `poin` VALUES (3201, '71', 'RTR', 9);
INSERT INTO `poin` VALUES (3202, '71', 'RTS-RTT', 7);
INSERT INTO `poin` VALUES (3203, '71', 'SRR', 3);
INSERT INTO `poin` VALUES (3204, '71', 'SRS-SRT', 5);
INSERT INTO `poin` VALUES (3205, '71', 'SSR', 8);
INSERT INTO `poin` VALUES (3206, '71', 'SSS-SST', 9);
INSERT INTO `poin` VALUES (3207, '71', 'STR', 7);
INSERT INTO `poin` VALUES (3208, '71', 'TSR', 4);
INSERT INTO `poin` VALUES (3209, '71', 'STS-STT', 7);
INSERT INTO `poin` VALUES (3210, '71', 'TRS-TRT', 5);
INSERT INTO `poin` VALUES (3211, '71', 'TSS-TST', 9);
INSERT INTO `poin` VALUES (3212, '71', 'TTR', 5);
INSERT INTO `poin` VALUES (3213, '71', 'TTS-TTT', 10);
INSERT INTO `poin` VALUES (3214, '72', 'RRR', 1);
INSERT INTO `poin` VALUES (3215, '72', 'RRS-RRT', 3);
INSERT INTO `poin` VALUES (3216, '72', 'RSR', 3);
INSERT INTO `poin` VALUES (3217, '72', 'RSS-RST', 3);
INSERT INTO `poin` VALUES (3218, '72', 'RTR', 5);
INSERT INTO `poin` VALUES (3219, '72', 'RTS-RTT', 7);
INSERT INTO `poin` VALUES (3220, '72', 'SRR', 5);
INSERT INTO `poin` VALUES (3221, '72', 'SRS-SRT', 6);
INSERT INTO `poin` VALUES (3222, '72', 'SSR', 7);
INSERT INTO `poin` VALUES (3223, '72', 'SSS-SST', 9);
INSERT INTO `poin` VALUES (3224, '72', 'STR', 8);
INSERT INTO `poin` VALUES (3225, '72', 'TSR', 9);
INSERT INTO `poin` VALUES (3226, '72', 'STS-STT', 11);
INSERT INTO `poin` VALUES (3227, '72', 'TRS-TRT', 5);
INSERT INTO `poin` VALUES (3228, '72', 'TSS-TST', 9);
INSERT INTO `poin` VALUES (3229, '72', 'TTR', 12);
INSERT INTO `poin` VALUES (3230, '72', 'TTS-TTT', 12);
INSERT INTO `poin` VALUES (3231, '73', 'RRR', 3);
INSERT INTO `poin` VALUES (3232, '73', 'RRS-RRT', 3);
INSERT INTO `poin` VALUES (3233, '73', 'RSR', 7);
INSERT INTO `poin` VALUES (3234, '73', 'RSS-RST', 3);
INSERT INTO `poin` VALUES (3235, '73', 'RTR', 11);
INSERT INTO `poin` VALUES (3236, '73', 'RTS-RTT', 7);
INSERT INTO `poin` VALUES (3237, '73', 'SRR', 5);
INSERT INTO `poin` VALUES (3238, '73', 'SRS-SRT', 6);
INSERT INTO `poin` VALUES (3239, '73', 'SSR', 8);
INSERT INTO `poin` VALUES (3240, '73', 'SSS-SST', 9);
INSERT INTO `poin` VALUES (3241, '73', 'STR', 10);
INSERT INTO `poin` VALUES (3242, '73', 'TSR', 4);
INSERT INTO `poin` VALUES (3243, '73', 'STS-STT', 11);
INSERT INTO `poin` VALUES (3244, '73', 'TRS-TRT', 5);
INSERT INTO `poin` VALUES (3245, '73', 'TSS-TST', 9);
INSERT INTO `poin` VALUES (3246, '73', 'TTR', 6);
INSERT INTO `poin` VALUES (3247, '73', 'TTS-TTT', 12);
INSERT INTO `poin` VALUES (3248, '74', 'RRR', 1);
INSERT INTO `poin` VALUES (3249, '74', 'RRS-RRT', 3);
INSERT INTO `poin` VALUES (3250, '74', 'RSR', 3);
INSERT INTO `poin` VALUES (3251, '74', 'RSS-RST', 3);
INSERT INTO `poin` VALUES (3252, '74', 'RTR', 5);
INSERT INTO `poin` VALUES (3253, '74', 'RTS-RTT', 7);
INSERT INTO `poin` VALUES (3254, '74', 'SRR', 6);
INSERT INTO `poin` VALUES (3255, '74', 'SRS-SRT', 7);
INSERT INTO `poin` VALUES (3256, '74', 'SSR', 7);
INSERT INTO `poin` VALUES (3257, '74', 'SSS-SST', 9);
INSERT INTO `poin` VALUES (3258, '74', 'STR', 8);
INSERT INTO `poin` VALUES (3259, '74', 'TSR', 12);
INSERT INTO `poin` VALUES (3260, '74', 'STS-STT', 11);
INSERT INTO `poin` VALUES (3261, '74', 'TRS-TRT', 12);
INSERT INTO `poin` VALUES (3262, '74', 'TSS-TST', 12);
INSERT INTO `poin` VALUES (3263, '74', 'TTR', 12);
INSERT INTO `poin` VALUES (3264, '74', 'TTS-TTT', 12);
INSERT INTO `poin` VALUES (3265, '75', 'RRR', 1);
INSERT INTO `poin` VALUES (3266, '75', 'RRS-RRT', 2);
INSERT INTO `poin` VALUES (3267, '75', 'RSR', 3);
INSERT INTO `poin` VALUES (3268, '75', 'RSS-RST', 2);
INSERT INTO `poin` VALUES (3269, '75', 'RTR', 4);
INSERT INTO `poin` VALUES (3270, '75', 'RTS-RTT', 5);
INSERT INTO `poin` VALUES (3271, '75', 'SRR', 2);
INSERT INTO `poin` VALUES (3272, '75', 'SRS-SRT', 4);
INSERT INTO `poin` VALUES (3273, '75', 'SSR', 4);
INSERT INTO `poin` VALUES (3274, '75', 'SSS-SST', 5);
INSERT INTO `poin` VALUES (3275, '75', 'STR', 4);
INSERT INTO `poin` VALUES (3276, '75', 'TSR', 6);
INSERT INTO `poin` VALUES (3277, '75', 'STS-STT', 3);
INSERT INTO `poin` VALUES (3278, '75', 'TRS-TRT', 8);
INSERT INTO `poin` VALUES (3279, '75', 'TSS-TST', 9);
INSERT INTO `poin` VALUES (3280, '75', 'TTR', 5);
INSERT INTO `poin` VALUES (3281, '75', 'TTS-TTT', 8);
INSERT INTO `poin` VALUES (3282, '76', 'RRR', 1);
INSERT INTO `poin` VALUES (3283, '76', 'RRS-RRT', 2);
INSERT INTO `poin` VALUES (3284, '76', 'RSR', 2);
INSERT INTO `poin` VALUES (3285, '76', 'RSS-RST', 2);
INSERT INTO `poin` VALUES (3286, '76', 'RTR', 3);
INSERT INTO `poin` VALUES (3287, '76', 'RTS-RTT', 4);
INSERT INTO `poin` VALUES (3288, '76', 'SRR', 1);
INSERT INTO `poin` VALUES (3289, '76', 'SRS-SRT', 3);
INSERT INTO `poin` VALUES (3290, '76', 'SSR', 2);
INSERT INTO `poin` VALUES (3291, '76', 'SSS-SST', 2);
INSERT INTO `poin` VALUES (3292, '76', 'STR', 2);
INSERT INTO `poin` VALUES (3293, '76', 'TSR', 3);
INSERT INTO `poin` VALUES (3294, '76', 'STS-STT', 1);
INSERT INTO `poin` VALUES (3295, '76', 'TRS-TRT', 4);
INSERT INTO `poin` VALUES (3296, '76', 'TSS-TST', 6);
INSERT INTO `poin` VALUES (3297, '76', 'TTR', 3);
INSERT INTO `poin` VALUES (3298, '76', 'TTS-TTT', 4);
INSERT INTO `poin` VALUES (3299, '77', 'RRR', 5);
INSERT INTO `poin` VALUES (3300, '77', 'RRS-RRT', 8);
INSERT INTO `poin` VALUES (3301, '77', 'RSR', 5);
INSERT INTO `poin` VALUES (3302, '77', 'RSS-RST', 8);
INSERT INTO `poin` VALUES (3303, '77', 'RTR', 5);
INSERT INTO `poin` VALUES (3304, '77', 'RTS-RTT', 8);
INSERT INTO `poin` VALUES (3305, '77', 'SRR', 4);
INSERT INTO `poin` VALUES (3306, '77', 'SRS-SRT', 6);
INSERT INTO `poin` VALUES (3307, '77', 'SSR', 5);
INSERT INTO `poin` VALUES (3308, '77', 'SSS-SST', 6);
INSERT INTO `poin` VALUES (3309, '77', 'STR', 5);
INSERT INTO `poin` VALUES (3310, '77', 'TSR', 4);
INSERT INTO `poin` VALUES (3311, '77', 'STS-STT', 6);
INSERT INTO `poin` VALUES (3312, '77', 'TRS-TRT', 4);
INSERT INTO `poin` VALUES (3313, '77', 'TSS-TST', 7);
INSERT INTO `poin` VALUES (3314, '77', 'TTR', 6);
INSERT INTO `poin` VALUES (3315, '77', 'TTS-TTT', 9);
INSERT INTO `poin` VALUES (3316, '78', 'RRR', 1);
INSERT INTO `poin` VALUES (3317, '78', 'RRS-RRT', 3);
INSERT INTO `poin` VALUES (3318, '78', 'RSR', 3);
INSERT INTO `poin` VALUES (3319, '78', 'RSS-RST', 3);
INSERT INTO `poin` VALUES (3320, '78', 'RTR', 4);
INSERT INTO `poin` VALUES (3321, '78', 'RTS-RTT', 7);
INSERT INTO `poin` VALUES (3322, '78', 'SRR', 4);
INSERT INTO `poin` VALUES (3323, '78', 'SRS-SRT', 6);
INSERT INTO `poin` VALUES (3324, '78', 'SSR', 7);
INSERT INTO `poin` VALUES (3325, '78', 'SSS-SST', 9);
INSERT INTO `poin` VALUES (3326, '78', 'STR', 5);
INSERT INTO `poin` VALUES (3327, '78', 'TSR', 11);
INSERT INTO `poin` VALUES (3328, '78', 'STS-STT', 7);
INSERT INTO `poin` VALUES (3329, '78', 'TRS-TRT', 10);
INSERT INTO `poin` VALUES (3330, '78', 'TSS-TST', 12);
INSERT INTO `poin` VALUES (3331, '78', 'TTR', 10);
INSERT INTO `poin` VALUES (3332, '78', 'TTS-TTT', 10);
INSERT INTO `poin` VALUES (3333, '79', 'RRR', 6);
INSERT INTO `poin` VALUES (3334, '79', 'RRS-RRT', 9);
INSERT INTO `poin` VALUES (3335, '79', 'RSR', 9);
INSERT INTO `poin` VALUES (3336, '79', 'RSS-RST', 9);
INSERT INTO `poin` VALUES (3337, '79', 'RTR', 9);
INSERT INTO `poin` VALUES (3338, '79', 'RTS-RTT', 11);
INSERT INTO `poin` VALUES (3339, '79', 'SRR', 7);
INSERT INTO `poin` VALUES (3340, '79', 'SRS-SRT', 8);
INSERT INTO `poin` VALUES (3341, '79', 'SSR', 10);
INSERT INTO `poin` VALUES (3342, '79', 'SSS-SST', 11);
INSERT INTO `poin` VALUES (3343, '79', 'STR', 7);
INSERT INTO `poin` VALUES (3344, '79', 'TSR', 11);
INSERT INTO `poin` VALUES (3345, '79', 'STS-STT', 7);
INSERT INTO `poin` VALUES (3346, '79', 'TRS-TRT', 10);
INSERT INTO `poin` VALUES (3347, '79', 'TSS-TST', 12);
INSERT INTO `poin` VALUES (3348, '79', 'TTR', 10);
INSERT INTO `poin` VALUES (3349, '79', 'TTS-TTT', 10);
INSERT INTO `poin` VALUES (3350, '80', 'RRR', 4);
INSERT INTO `poin` VALUES (3351, '80', 'RRS-RRT', 7);
INSERT INTO `poin` VALUES (3352, '80', 'RSR', 5);
INSERT INTO `poin` VALUES (3353, '80', 'RSS-RST', 7);
INSERT INTO `poin` VALUES (3354, '80', 'RTR', 4);
INSERT INTO `poin` VALUES (3355, '80', 'RTS-RTT', 8);
INSERT INTO `poin` VALUES (3356, '80', 'SRR', 3);
INSERT INTO `poin` VALUES (3357, '80', 'SRS-SRT', 5);
INSERT INTO `poin` VALUES (3358, '80', 'SSR', 5);
INSERT INTO `poin` VALUES (3359, '80', 'SSS-SST', 6);
INSERT INTO `poin` VALUES (3360, '80', 'STR', 4);
INSERT INTO `poin` VALUES (3361, '80', 'TSR', 6);
INSERT INTO `poin` VALUES (3362, '80', 'STS-STT', 3);
INSERT INTO `poin` VALUES (3363, '80', 'TRS-TRT', 8);
INSERT INTO `poin` VALUES (3364, '80', 'TSS-TST', 9);
INSERT INTO `poin` VALUES (3365, '80', 'TTR', 5);
INSERT INTO `poin` VALUES (3366, '80', 'TTS-TTT', 8);

-- ----------------------------
-- Table structure for poin_topsis
-- ----------------------------
DROP TABLE IF EXISTS `poin_topsis`;
CREATE TABLE `poin_topsis`  (
  `id` int(11) NOT NULL AUTO_INCREMENT,
  `id_analisa` varchar(11) CHARACTER SET latin1 COLLATE latin1_swedish_ci NULL DEFAULT NULL,
  `kd_formula` varchar(10) CHARACTER SET latin1 COLLATE latin1_swedish_ci NULL DEFAULT NULL,
  `poin` varchar(10) CHARACTER SET latin1 COLLATE latin1_swedish_ci NULL DEFAULT NULL,
  PRIMARY KEY (`id`) USING BTREE
) ENGINE = MyISAM AUTO_INCREMENT = 3367 CHARACTER SET = latin1 COLLATE = latin1_swedish_ci ROW_FORMAT = Dynamic;

-- ----------------------------
-- Records of poin_topsis
-- ----------------------------
INSERT INTO `poin_topsis` VALUES (2432, '26', 'RRR', '0.526');
INSERT INTO `poin_topsis` VALUES (2433, '26', 'RRS-RRT', '0.605');
INSERT INTO `poin_topsis` VALUES (2434, '26', 'RSR', '0.313');
INSERT INTO `poin_topsis` VALUES (2435, '26', 'RSS-RST', '0.354');
INSERT INTO `poin_topsis` VALUES (2436, '26', 'RTR', '0.283');
INSERT INTO `poin_topsis` VALUES (2437, '26', 'RTS-RTT', '0.522');
INSERT INTO `poin_topsis` VALUES (2438, '26', 'SRR', '0.599');
INSERT INTO `poin_topsis` VALUES (2439, '26', 'SRS-SRT', '0.651');
INSERT INTO `poin_topsis` VALUES (2440, '26', 'SSR', '0.655');
INSERT INTO `poin_topsis` VALUES (2441, '26', 'SSS-SST', '0.526');
INSERT INTO `poin_topsis` VALUES (2442, '26', 'STR', '0.655');
INSERT INTO `poin_topsis` VALUES (2443, '26', 'TSR', '0.526');
INSERT INTO `poin_topsis` VALUES (2444, '26', 'STS-STT', '0.397');
INSERT INTO `poin_topsis` VALUES (2445, '26', 'TRS-TRT', '0.456');
INSERT INTO `poin_topsis` VALUES (2446, '26', 'TSS-TST', '0.587');
INSERT INTO `poin_topsis` VALUES (2447, '26', 'TTR', '0.522');
INSERT INTO `poin_topsis` VALUES (2448, '26', 'TTS-TTT', '0.599');
INSERT INTO `poin_topsis` VALUES (2449, '27', 'RRR', '0.526');
INSERT INTO `poin_topsis` VALUES (2450, '27', 'RRS-RRT', '0.605');
INSERT INTO `poin_topsis` VALUES (2451, '27', 'RSR', '0.313');
INSERT INTO `poin_topsis` VALUES (2452, '27', 'RSS-RST', '0.354');
INSERT INTO `poin_topsis` VALUES (2453, '27', 'RTR', '0.283');
INSERT INTO `poin_topsis` VALUES (2454, '27', 'RTS-RTT', '0.522');
INSERT INTO `poin_topsis` VALUES (2455, '27', 'SRR', '0.599');
INSERT INTO `poin_topsis` VALUES (2456, '27', 'SRS-SRT', '0.651');
INSERT INTO `poin_topsis` VALUES (2457, '27', 'SSR', '0.655');
INSERT INTO `poin_topsis` VALUES (2458, '27', 'SSS-SST', '0.526');
INSERT INTO `poin_topsis` VALUES (2459, '27', 'STR', '0.655');
INSERT INTO `poin_topsis` VALUES (2460, '27', 'TSR', '0.526');
INSERT INTO `poin_topsis` VALUES (2461, '27', 'STS-STT', '0.397');
INSERT INTO `poin_topsis` VALUES (2462, '27', 'TRS-TRT', '0.456');
INSERT INTO `poin_topsis` VALUES (2463, '27', 'TSS-TST', '0.587');
INSERT INTO `poin_topsis` VALUES (2464, '27', 'TTR', '0.522');
INSERT INTO `poin_topsis` VALUES (2465, '27', 'TTS-TTT', '0.599');
INSERT INTO `poin_topsis` VALUES (2466, '28', 'RRR', '0.430');
INSERT INTO `poin_topsis` VALUES (2467, '28', 'RRS-RRT', '0.771');
INSERT INTO `poin_topsis` VALUES (2468, '28', 'RSR', '0.425');
INSERT INTO `poin_topsis` VALUES (2469, '28', 'RSS-RST', '0.438');
INSERT INTO `poin_topsis` VALUES (2470, '28', 'RTR', '0.268');
INSERT INTO `poin_topsis` VALUES (2471, '28', 'RTS-RTT', '0.586');
INSERT INTO `poin_topsis` VALUES (2472, '28', 'SRR', '0.609');
INSERT INTO `poin_topsis` VALUES (2473, '28', 'SRS-SRT', '0.728');
INSERT INTO `poin_topsis` VALUES (2474, '28', 'SSR', '0.625');
INSERT INTO `poin_topsis` VALUES (2475, '28', 'SSS-SST', '0.430');
INSERT INTO `poin_topsis` VALUES (2476, '28', 'STR', '0.625');
INSERT INTO `poin_topsis` VALUES (2477, '28', 'TSR', '0.430');
INSERT INTO `poin_topsis` VALUES (2478, '28', 'STS-STT', '0.288');
INSERT INTO `poin_topsis` VALUES (2479, '28', 'TRS-TRT', '0.560');
INSERT INTO `poin_topsis` VALUES (2480, '28', 'TSS-TST', '0.455');
INSERT INTO `poin_topsis` VALUES (2481, '28', 'TTR', '0.586');
INSERT INTO `poin_topsis` VALUES (2482, '28', 'TTS-TTT', '0.609');
INSERT INTO `poin_topsis` VALUES (2483, '29', 'RRR', 'nan');
INSERT INTO `poin_topsis` VALUES (2484, '29', 'RRS-RRT', 'nan');
INSERT INTO `poin_topsis` VALUES (2485, '29', 'RSR', 'nan');
INSERT INTO `poin_topsis` VALUES (2486, '29', 'RSS-RST', 'nan');
INSERT INTO `poin_topsis` VALUES (2487, '29', 'RTR', 'nan');
INSERT INTO `poin_topsis` VALUES (2488, '29', 'RTS-RTT', 'nan');
INSERT INTO `poin_topsis` VALUES (2489, '29', 'SRR', 'nan');
INSERT INTO `poin_topsis` VALUES (2490, '29', 'SRS-SRT', 'nan');
INSERT INTO `poin_topsis` VALUES (2491, '29', 'SSR', 'nan');
INSERT INTO `poin_topsis` VALUES (2492, '29', 'SSS-SST', 'nan');
INSERT INTO `poin_topsis` VALUES (2493, '29', 'STR', 'nan');
INSERT INTO `poin_topsis` VALUES (2494, '29', 'TSR', 'nan');
INSERT INTO `poin_topsis` VALUES (2495, '29', 'STS-STT', 'nan');
INSERT INTO `poin_topsis` VALUES (2496, '29', 'TRS-TRT', 'nan');
INSERT INTO `poin_topsis` VALUES (2497, '29', 'TSS-TST', 'nan');
INSERT INTO `poin_topsis` VALUES (2498, '29', 'TTR', 'nan');
INSERT INTO `poin_topsis` VALUES (2499, '29', 'TTS-TTT', 'nan');
INSERT INTO `poin_topsis` VALUES (2500, '30', 'RRR', '0.507');
INSERT INTO `poin_topsis` VALUES (2501, '30', 'RRS-RRT', '0.515');
INSERT INTO `poin_topsis` VALUES (2502, '30', 'RSR', '0.362');
INSERT INTO `poin_topsis` VALUES (2503, '30', 'RSS-RST', '0.456');
INSERT INTO `poin_topsis` VALUES (2504, '30', 'RTR', '0.315');
INSERT INTO `poin_topsis` VALUES (2505, '30', 'RTS-RTT', '0.498');
INSERT INTO `poin_topsis` VALUES (2506, '30', 'SRR', '0.650');
INSERT INTO `poin_topsis` VALUES (2507, '30', 'SRS-SRT', '0.747');
INSERT INTO `poin_topsis` VALUES (2508, '30', 'SSR', '0.755');
INSERT INTO `poin_topsis` VALUES (2509, '30', 'SSS-SST', '0.507');
INSERT INTO `poin_topsis` VALUES (2510, '30', 'STR', '0.755');
INSERT INTO `poin_topsis` VALUES (2511, '30', 'TSR', '0.507');
INSERT INTO `poin_topsis` VALUES (2512, '30', 'STS-STT', '0.259');
INSERT INTO `poin_topsis` VALUES (2513, '30', 'TRS-TRT', '0.391');
INSERT INTO `poin_topsis` VALUES (2514, '30', 'TSS-TST', '0.614');
INSERT INTO `poin_topsis` VALUES (2515, '30', 'TTR', '0.498');
INSERT INTO `poin_topsis` VALUES (2516, '30', 'TTS-TTT', '0.650');
INSERT INTO `poin_topsis` VALUES (2517, '31', 'RRR', '0.614');
INSERT INTO `poin_topsis` VALUES (2518, '31', 'RRS-RRT', '0.357');
INSERT INTO `poin_topsis` VALUES (2519, '31', 'RSR', '0.193');
INSERT INTO `poin_topsis` VALUES (2520, '31', 'RSS-RST', '0.343');
INSERT INTO `poin_topsis` VALUES (2521, '31', 'RTR', '0.314');
INSERT INTO `poin_topsis` VALUES (2522, '31', 'RTS-RTT', '0.405');
INSERT INTO `poin_topsis` VALUES (2523, '31', 'SRR', '0.642');
INSERT INTO `poin_topsis` VALUES (2524, '31', 'SRS-SRT', '0.660');
INSERT INTO `poin_topsis` VALUES (2525, '31', 'SSR', '0.807');
INSERT INTO `poin_topsis` VALUES (2526, '31', 'SSS-SST', '0.614');
INSERT INTO `poin_topsis` VALUES (2527, '31', 'STR', '0.807');
INSERT INTO `poin_topsis` VALUES (2528, '31', 'TSR', '0.614');
INSERT INTO `poin_topsis` VALUES (2529, '31', 'STS-STT', '0.360');
INSERT INTO `poin_topsis` VALUES (2530, '31', 'TRS-TRT', '0.254');
INSERT INTO `poin_topsis` VALUES (2531, '31', 'TSS-TST', '0.769');
INSERT INTO `poin_topsis` VALUES (2532, '31', 'TTR', '0.405');
INSERT INTO `poin_topsis` VALUES (2533, '31', 'TTS-TTT', '0.642');
INSERT INTO `poin_topsis` VALUES (2534, '32', 'RRR', '0.589');
INSERT INTO `poin_topsis` VALUES (2535, '32', 'RRS-RRT', '0.452');
INSERT INTO `poin_topsis` VALUES (2536, '32', 'RSR', '0.173');
INSERT INTO `poin_topsis` VALUES (2537, '32', 'RSS-RST', '0.294');
INSERT INTO `poin_topsis` VALUES (2538, '32', 'RTR', '0.270');
INSERT INTO `poin_topsis` VALUES (2539, '32', 'RTS-RTT', '0.425');
INSERT INTO `poin_topsis` VALUES (2540, '32', 'SRR', '0.610');
INSERT INTO `poin_topsis` VALUES (2541, '32', 'SRS-SRT', '0.624');
INSERT INTO `poin_topsis` VALUES (2542, '32', 'SSR', '0.734');
INSERT INTO `poin_topsis` VALUES (2543, '32', 'SSS-SST', '0.589');
INSERT INTO `poin_topsis` VALUES (2544, '32', 'STR', '0.734');
INSERT INTO `poin_topsis` VALUES (2545, '32', 'TSR', '0.589');
INSERT INTO `poin_topsis` VALUES (2546, '32', 'STS-STT', '0.390');
INSERT INTO `poin_topsis` VALUES (2547, '32', 'TRS-TRT', '0.302');
INSERT INTO `poin_topsis` VALUES (2548, '32', 'TSS-TST', '0.712');
INSERT INTO `poin_topsis` VALUES (2549, '32', 'TTR', '0.425');
INSERT INTO `poin_topsis` VALUES (2550, '32', 'TTS-TTT', '0.610');
INSERT INTO `poin_topsis` VALUES (2551, '33', 'RRR', '0.485');
INSERT INTO `poin_topsis` VALUES (2552, '33', 'RRS-RRT', '0.652');
INSERT INTO `poin_topsis` VALUES (2553, '33', 'RSR', '0.548');
INSERT INTO `poin_topsis` VALUES (2554, '33', 'RSS-RST', '0.570');
INSERT INTO `poin_topsis` VALUES (2555, '33', 'RTR', '0.412');
INSERT INTO `poin_topsis` VALUES (2556, '33', 'RTS-RTT', '0.648');
INSERT INTO `poin_topsis` VALUES (2557, '33', 'SRR', '0.675');
INSERT INTO `poin_topsis` VALUES (2558, '33', 'SRS-SRT', '0.813');
INSERT INTO `poin_topsis` VALUES (2559, '33', 'SSR', '0.693');
INSERT INTO `poin_topsis` VALUES (2560, '33', 'SSS-SST', '0.485');
INSERT INTO `poin_topsis` VALUES (2561, '33', 'STR', '0.693');
INSERT INTO `poin_topsis` VALUES (2562, '33', 'TSR', '0.485');
INSERT INTO `poin_topsis` VALUES (2563, '33', 'STS-STT', '0.342');
INSERT INTO `poin_topsis` VALUES (2564, '33', 'TRS-TRT', '0.615');
INSERT INTO `poin_topsis` VALUES (2565, '33', 'TSS-TST', '0.505');
INSERT INTO `poin_topsis` VALUES (2566, '33', 'TTR', '0.648');
INSERT INTO `poin_topsis` VALUES (2567, '33', 'TTS-TTT', '0.675');
INSERT INTO `poin_topsis` VALUES (2568, '34', 'RRR', '0.570');
INSERT INTO `poin_topsis` VALUES (2569, '34', 'RRS-RRT', '0.538');
INSERT INTO `poin_topsis` VALUES (2570, '34', 'RSR', '0.673');
INSERT INTO `poin_topsis` VALUES (2571, '34', 'RSS-RST', '0.707');
INSERT INTO `poin_topsis` VALUES (2572, '34', 'RTR', '0.548');
INSERT INTO `poin_topsis` VALUES (2573, '34', 'RTS-RTT', '0.718');
INSERT INTO `poin_topsis` VALUES (2574, '34', 'SRR', '0.748');
INSERT INTO `poin_topsis` VALUES (2575, '34', 'SRS-SRT', '0.903');
INSERT INTO `poin_topsis` VALUES (2576, '34', 'SSR', '0.763');
INSERT INTO `poin_topsis` VALUES (2577, '34', 'SSS-SST', '0.570');
INSERT INTO `poin_topsis` VALUES (2578, '34', 'STR', '0.763');
INSERT INTO `poin_topsis` VALUES (2579, '34', 'TSR', '0.570');
INSERT INTO `poin_topsis` VALUES (2580, '34', 'STS-STT', '0.441');
INSERT INTO `poin_topsis` VALUES (2581, '34', 'TRS-TRT', '0.682');
INSERT INTO `poin_topsis` VALUES (2582, '34', 'TSS-TST', '0.583');
INSERT INTO `poin_topsis` VALUES (2583, '34', 'TTR', '0.718');
INSERT INTO `poin_topsis` VALUES (2584, '34', 'TTS-TTT', '0.748');
INSERT INTO `poin_topsis` VALUES (2585, '35', 'RRR', '0.547');
INSERT INTO `poin_topsis` VALUES (2586, '35', 'RRS-RRT', '0.468');
INSERT INTO `poin_topsis` VALUES (2587, '35', 'RSR', '0.429');
INSERT INTO `poin_topsis` VALUES (2588, '35', 'RSS-RST', '0.536');
INSERT INTO `poin_topsis` VALUES (2589, '35', 'RTR', '0.414');
INSERT INTO `poin_topsis` VALUES (2590, '35', 'RTS-RTT', '0.538');
INSERT INTO `poin_topsis` VALUES (2591, '35', 'SRR', '0.690');
INSERT INTO `poin_topsis` VALUES (2592, '35', 'SRS-SRT', '0.789');
INSERT INTO `poin_topsis` VALUES (2593, '35', 'SSR', '0.798');
INSERT INTO `poin_topsis` VALUES (2594, '35', 'SSS-SST', '0.547');
INSERT INTO `poin_topsis` VALUES (2595, '35', 'STR', '0.798');
INSERT INTO `poin_topsis` VALUES (2596, '35', 'TSR', '0.547');
INSERT INTO `poin_topsis` VALUES (2597, '35', 'STS-STT', '0.328');
INSERT INTO `poin_topsis` VALUES (2598, '35', 'TRS-TRT', '0.430');
INSERT INTO `poin_topsis` VALUES (2599, '35', 'TSS-TST', '0.642');
INSERT INTO `poin_topsis` VALUES (2600, '35', 'TTR', '0.538');
INSERT INTO `poin_topsis` VALUES (2601, '35', 'TTS-TTT', '0.690');
INSERT INTO `poin_topsis` VALUES (2602, '36', 'RRR', '0.000');
INSERT INTO `poin_topsis` VALUES (2603, '36', 'RRS-RRT', '0.000');
INSERT INTO `poin_topsis` VALUES (2604, '36', 'RSR', '0.000');
INSERT INTO `poin_topsis` VALUES (2605, '36', 'RSS-RST', '0.000');
INSERT INTO `poin_topsis` VALUES (2606, '36', 'RTR', '0.000');
INSERT INTO `poin_topsis` VALUES (2607, '36', 'RTS-RTT', '0.000');
INSERT INTO `poin_topsis` VALUES (2608, '36', 'SRR', '0.000');
INSERT INTO `poin_topsis` VALUES (2609, '36', 'SRS-SRT', '0.000');
INSERT INTO `poin_topsis` VALUES (2610, '36', 'SSR', '0.000');
INSERT INTO `poin_topsis` VALUES (2611, '36', 'SSS-SST', '0.000');
INSERT INTO `poin_topsis` VALUES (2612, '36', 'STR', '0.000');
INSERT INTO `poin_topsis` VALUES (2613, '36', 'TSR', '0.000');
INSERT INTO `poin_topsis` VALUES (2614, '36', 'STS-STT', '0.000');
INSERT INTO `poin_topsis` VALUES (2615, '36', 'TRS-TRT', '0.000');
INSERT INTO `poin_topsis` VALUES (2616, '36', 'TSS-TST', '0.000');
INSERT INTO `poin_topsis` VALUES (2617, '36', 'TTR', '0.000');
INSERT INTO `poin_topsis` VALUES (2618, '36', 'TTS-TTT', '0.000');
INSERT INTO `poin_topsis` VALUES (2619, '37', 'RRR', '0.441');
INSERT INTO `poin_topsis` VALUES (2620, '37', 'RRS-RRT', '0.623');
INSERT INTO `poin_topsis` VALUES (2621, '37', 'RSR', '0.470');
INSERT INTO `poin_topsis` VALUES (2622, '37', 'RSS-RST', '0.539');
INSERT INTO `poin_topsis` VALUES (2623, '37', 'RTR', '0.328');
INSERT INTO `poin_topsis` VALUES (2624, '37', 'RTS-RTT', '0.567');
INSERT INTO `poin_topsis` VALUES (2625, '37', 'SRR', '0.658');
INSERT INTO `poin_topsis` VALUES (2626, '37', 'SRS-SRT', '0.812');
INSERT INTO `poin_topsis` VALUES (2627, '37', 'SSR', '0.720');
INSERT INTO `poin_topsis` VALUES (2628, '37', 'SSS-SST', '0.441');
INSERT INTO `poin_topsis` VALUES (2629, '37', 'STR', '0.720');
INSERT INTO `poin_topsis` VALUES (2630, '37', 'TSR', '0.441');
INSERT INTO `poin_topsis` VALUES (2631, '37', 'STS-STT', '0.199');
INSERT INTO `poin_topsis` VALUES (2632, '37', 'TRS-TRT', '0.489');
INSERT INTO `poin_topsis` VALUES (2633, '37', 'TSS-TST', '0.518');
INSERT INTO `poin_topsis` VALUES (2634, '37', 'TTR', '0.567');
INSERT INTO `poin_topsis` VALUES (2635, '37', 'TTS-TTT', '0.658');
INSERT INTO `poin_topsis` VALUES (2636, '38', 'RRR', '1.000');
INSERT INTO `poin_topsis` VALUES (2637, '38', 'RRS-RRT', '0.534');
INSERT INTO `poin_topsis` VALUES (2638, '38', 'RSR', '0.701');
INSERT INTO `poin_topsis` VALUES (2639, '38', 'RSS-RST', '0.412');
INSERT INTO `poin_topsis` VALUES (2640, '38', 'RTR', '0.521');
INSERT INTO `poin_topsis` VALUES (2641, '38', 'RTS-RTT', '0.337');
INSERT INTO `poin_topsis` VALUES (2642, '38', 'SRR', '0.828');
INSERT INTO `poin_topsis` VALUES (2643, '38', 'SRS-SRT', '0.493');
INSERT INTO `poin_topsis` VALUES (2644, '38', 'SSR', '0.740');
INSERT INTO `poin_topsis` VALUES (2645, '38', 'SSS-SST', '0.399');
INSERT INTO `poin_topsis` VALUES (2646, '38', 'STR', '0.514');
INSERT INTO `poin_topsis` VALUES (2647, '38', 'TSR', '0.626');
INSERT INTO `poin_topsis` VALUES (2648, '38', 'STS-STT', '0.196');
INSERT INTO `poin_topsis` VALUES (2649, '38', 'TRS-TRT', '0.446');
INSERT INTO `poin_topsis` VALUES (2650, '38', 'TSS-TST', '0.341');
INSERT INTO `poin_topsis` VALUES (2651, '38', 'TTR', '0.466');
INSERT INTO `poin_topsis` VALUES (2652, '38', 'TTS-TTT', '0.000');
INSERT INTO `poin_topsis` VALUES (2653, '39', 'RRR', '1.000');
INSERT INTO `poin_topsis` VALUES (2654, '39', 'RRS-RRT', '0.896');
INSERT INTO `poin_topsis` VALUES (2655, '39', 'RSR', '0.321');
INSERT INTO `poin_topsis` VALUES (2656, '39', 'RSS-RST', '0.514');
INSERT INTO `poin_topsis` VALUES (2657, '39', 'RTR', '0.505');
INSERT INTO `poin_topsis` VALUES (2658, '39', 'RTS-RTT', '0.717');
INSERT INTO `poin_topsis` VALUES (2659, '39', 'SRR', '0.527');
INSERT INTO `poin_topsis` VALUES (2660, '39', 'SRS-SRT', '0.515');
INSERT INTO `poin_topsis` VALUES (2661, '39', 'SSR', '0.517');
INSERT INTO `poin_topsis` VALUES (2662, '39', 'SSS-SST', '0.504');
INSERT INTO `poin_topsis` VALUES (2663, '39', 'STR', '0.496');
INSERT INTO `poin_topsis` VALUES (2664, '39', 'TSR', '0.146');
INSERT INTO `poin_topsis` VALUES (2665, '39', 'STS-STT', '0.482');
INSERT INTO `poin_topsis` VALUES (2666, '39', 'TRS-TRT', '0.157');
INSERT INTO `poin_topsis` VALUES (2667, '39', 'TSS-TST', '0.110');
INSERT INTO `poin_topsis` VALUES (2668, '39', 'TTR', '0.104');
INSERT INTO `poin_topsis` VALUES (2669, '39', 'TTS-TTT', '0.000');
INSERT INTO `poin_topsis` VALUES (2670, '40', 'RRR', '1.000');
INSERT INTO `poin_topsis` VALUES (2671, '40', 'RRS-RRT', '0.626');
INSERT INTO `poin_topsis` VALUES (2672, '40', 'RSR', '0.812');
INSERT INTO `poin_topsis` VALUES (2673, '40', 'RSS-RST', '0.603');
INSERT INTO `poin_topsis` VALUES (2674, '40', 'RTR', '0.815');
INSERT INTO `poin_topsis` VALUES (2675, '40', 'RTS-RTT', '0.609');
INSERT INTO `poin_topsis` VALUES (2676, '40', 'SRR', '0.717');
INSERT INTO `poin_topsis` VALUES (2677, '40', 'SRS-SRT', '0.489');
INSERT INTO `poin_topsis` VALUES (2678, '40', 'SSR', '0.711');
INSERT INTO `poin_topsis` VALUES (2679, '40', 'SSS-SST', '0.481');
INSERT INTO `poin_topsis` VALUES (2680, '40', 'STR', '0.685');
INSERT INTO `poin_topsis` VALUES (2681, '40', 'TSR', '0.383');
INSERT INTO `poin_topsis` VALUES (2682, '40', 'STS-STT', '0.469');
INSERT INTO `poin_topsis` VALUES (2683, '40', 'TRS-TRT', '0.142');
INSERT INTO `poin_topsis` VALUES (2684, '40', 'TSS-TST', '0.099');
INSERT INTO `poin_topsis` VALUES (2685, '40', 'TTR', '0.374');
INSERT INTO `poin_topsis` VALUES (2686, '40', 'TTS-TTT', '0.000');
INSERT INTO `poin_topsis` VALUES (2687, '41', 'RRR', '1.000');
INSERT INTO `poin_topsis` VALUES (2688, '41', 'RRS-RRT', '0.906');
INSERT INTO `poin_topsis` VALUES (2689, '41', 'RSR', '0.457');
INSERT INTO `poin_topsis` VALUES (2690, '41', 'RSS-RST', '0.594');
INSERT INTO `poin_topsis` VALUES (2691, '41', 'RTR', '0.586');
INSERT INTO `poin_topsis` VALUES (2692, '41', 'RTS-RTT', '0.753');
INSERT INTO `poin_topsis` VALUES (2693, '41', 'SRR', '0.553');
INSERT INTO `poin_topsis` VALUES (2694, '41', 'SRS-SRT', '0.543');
INSERT INTO `poin_topsis` VALUES (2695, '41', 'SSR', '0.546');
INSERT INTO `poin_topsis` VALUES (2696, '41', 'SSS-SST', '0.535');
INSERT INTO `poin_topsis` VALUES (2697, '41', 'STR', '0.527');
INSERT INTO `poin_topsis` VALUES (2698, '41', 'TSR', '0.132');
INSERT INTO `poin_topsis` VALUES (2699, '41', 'STS-STT', '0.518');
INSERT INTO `poin_topsis` VALUES (2700, '41', 'TRS-TRT', '0.142');
INSERT INTO `poin_topsis` VALUES (2701, '41', 'TSS-TST', '0.099');
INSERT INTO `poin_topsis` VALUES (2702, '41', 'TTR', '0.094');
INSERT INTO `poin_topsis` VALUES (2703, '41', 'TTS-TTT', '0.000');
INSERT INTO `poin_topsis` VALUES (2704, '42', 'RRR', '1.000');
INSERT INTO `poin_topsis` VALUES (2705, '42', 'RRS-RRT', '0.760');
INSERT INTO `poin_topsis` VALUES (2706, '42', 'RSR', '0.773');
INSERT INTO `poin_topsis` VALUES (2707, '42', 'RSS-RST', '0.698');
INSERT INTO `poin_topsis` VALUES (2708, '42', 'RTR', '0.629');
INSERT INTO `poin_topsis` VALUES (2709, '42', 'RTS-RTT', '0.648');
INSERT INTO `poin_topsis` VALUES (2710, '42', 'SRR', '0.724');
INSERT INTO `poin_topsis` VALUES (2711, '42', 'SRS-SRT', '0.629');
INSERT INTO `poin_topsis` VALUES (2712, '42', 'SSR', '0.672');
INSERT INTO `poin_topsis` VALUES (2713, '42', 'SSS-SST', '0.579');
INSERT INTO `poin_topsis` VALUES (2714, '42', 'STR', '0.521');
INSERT INTO `poin_topsis` VALUES (2715, '42', 'TSR', '0.343');
INSERT INTO `poin_topsis` VALUES (2716, '42', 'STS-STT', '0.455');
INSERT INTO `poin_topsis` VALUES (2717, '42', 'TRS-TRT', '0.353');
INSERT INTO `poin_topsis` VALUES (2718, '42', 'TSS-TST', '0.263');
INSERT INTO `poin_topsis` VALUES (2719, '42', 'TTR', '0.240');
INSERT INTO `poin_topsis` VALUES (2720, '42', 'TTS-TTT', '0.000');
INSERT INTO `poin_topsis` VALUES (2721, '43', 'RRR', '1.000');
INSERT INTO `poin_topsis` VALUES (2722, '43', 'RRS-RRT', '0.760');
INSERT INTO `poin_topsis` VALUES (2723, '43', 'RSR', '0.773');
INSERT INTO `poin_topsis` VALUES (2724, '43', 'RSS-RST', '0.698');
INSERT INTO `poin_topsis` VALUES (2725, '43', 'RTR', '0.629');
INSERT INTO `poin_topsis` VALUES (2726, '43', 'RTS-RTT', '0.648');
INSERT INTO `poin_topsis` VALUES (2727, '43', 'SRR', '0.724');
INSERT INTO `poin_topsis` VALUES (2728, '43', 'SRS-SRT', '0.629');
INSERT INTO `poin_topsis` VALUES (2729, '43', 'SSR', '0.672');
INSERT INTO `poin_topsis` VALUES (2730, '43', 'SSS-SST', '0.579');
INSERT INTO `poin_topsis` VALUES (2731, '43', 'STR', '0.521');
INSERT INTO `poin_topsis` VALUES (2732, '43', 'TSR', '0.343');
INSERT INTO `poin_topsis` VALUES (2733, '43', 'STS-STT', '0.455');
INSERT INTO `poin_topsis` VALUES (2734, '43', 'TRS-TRT', '0.353');
INSERT INTO `poin_topsis` VALUES (2735, '43', 'TSS-TST', '0.263');
INSERT INTO `poin_topsis` VALUES (2736, '43', 'TTR', '0.240');
INSERT INTO `poin_topsis` VALUES (2737, '43', 'TTS-TTT', '0.000');
INSERT INTO `poin_topsis` VALUES (2738, '44', 'RRR', '0.147');
INSERT INTO `poin_topsis` VALUES (2739, '44', 'RRS-RRT', '0.293');
INSERT INTO `poin_topsis` VALUES (2740, '44', 'RSR', '0.246');
INSERT INTO `poin_topsis` VALUES (2741, '44', 'RSS-RST', '0.276');
INSERT INTO `poin_topsis` VALUES (2742, '44', 'RTR', '0.358');
INSERT INTO `poin_topsis` VALUES (2743, '44', 'RTS-RTT', '0.339');
INSERT INTO `poin_topsis` VALUES (2744, '44', 'SRR', '0.363');
INSERT INTO `poin_topsis` VALUES (2745, '44', 'SRS-SRT', '0.459');
INSERT INTO `poin_topsis` VALUES (2746, '44', 'SSR', '0.447');
INSERT INTO `poin_topsis` VALUES (2747, '44', 'SSS-SST', '0.553');
INSERT INTO `poin_topsis` VALUES (2748, '44', 'STR', '0.541');
INSERT INTO `poin_topsis` VALUES (2749, '44', 'TSR', '0.647');
INSERT INTO `poin_topsis` VALUES (2750, '44', 'STS-STT', '0.637');
INSERT INTO `poin_topsis` VALUES (2751, '44', 'TRS-TRT', '0.631');
INSERT INTO `poin_topsis` VALUES (2752, '44', 'TSS-TST', '0.754');
INSERT INTO `poin_topsis` VALUES (2753, '44', 'TTR', '0.707');
INSERT INTO `poin_topsis` VALUES (2754, '44', 'TTS-TTT', '0.853');
INSERT INTO `poin_topsis` VALUES (2755, '45', 'RRR', '0.147');
INSERT INTO `poin_topsis` VALUES (2756, '45', 'RRS-RRT', '0.293');
INSERT INTO `poin_topsis` VALUES (2757, '45', 'RSR', '0.246');
INSERT INTO `poin_topsis` VALUES (2758, '45', 'RSS-RST', '0.276');
INSERT INTO `poin_topsis` VALUES (2759, '45', 'RTR', '0.358');
INSERT INTO `poin_topsis` VALUES (2760, '45', 'RTS-RTT', '0.339');
INSERT INTO `poin_topsis` VALUES (2761, '45', 'SRR', '0.363');
INSERT INTO `poin_topsis` VALUES (2762, '45', 'SRS-SRT', '0.459');
INSERT INTO `poin_topsis` VALUES (2763, '45', 'SSR', '0.447');
INSERT INTO `poin_topsis` VALUES (2764, '45', 'SSS-SST', '0.553');
INSERT INTO `poin_topsis` VALUES (2765, '45', 'STR', '0.541');
INSERT INTO `poin_topsis` VALUES (2766, '45', 'TSR', '0.647');
INSERT INTO `poin_topsis` VALUES (2767, '45', 'STS-STT', '0.637');
INSERT INTO `poin_topsis` VALUES (2768, '45', 'TRS-TRT', '0.631');
INSERT INTO `poin_topsis` VALUES (2769, '45', 'TSS-TST', '0.754');
INSERT INTO `poin_topsis` VALUES (2770, '45', 'TTR', '0.707');
INSERT INTO `poin_topsis` VALUES (2771, '45', 'TTS-TTT', '0.853');
INSERT INTO `poin_topsis` VALUES (2772, '46', 'RRR', '0.147');
INSERT INTO `poin_topsis` VALUES (2773, '46', 'RRS-RRT', '0.293');
INSERT INTO `poin_topsis` VALUES (2774, '46', 'RSR', '0.246');
INSERT INTO `poin_topsis` VALUES (2775, '46', 'RSS-RST', '0.276');
INSERT INTO `poin_topsis` VALUES (2776, '46', 'RTR', '0.358');
INSERT INTO `poin_topsis` VALUES (2777, '46', 'RTS-RTT', '0.339');
INSERT INTO `poin_topsis` VALUES (2778, '46', 'SRR', '0.363');
INSERT INTO `poin_topsis` VALUES (2779, '46', 'SRS-SRT', '0.459');
INSERT INTO `poin_topsis` VALUES (2780, '46', 'SSR', '0.447');
INSERT INTO `poin_topsis` VALUES (2781, '46', 'SSS-SST', '0.553');
INSERT INTO `poin_topsis` VALUES (2782, '46', 'STR', '0.541');
INSERT INTO `poin_topsis` VALUES (2783, '46', 'TSR', '0.647');
INSERT INTO `poin_topsis` VALUES (2784, '46', 'STS-STT', '0.637');
INSERT INTO `poin_topsis` VALUES (2785, '46', 'TRS-TRT', '0.631');
INSERT INTO `poin_topsis` VALUES (2786, '46', 'TSS-TST', '0.754');
INSERT INTO `poin_topsis` VALUES (2787, '46', 'TTR', '0.707');
INSERT INTO `poin_topsis` VALUES (2788, '46', 'TTS-TTT', '0.853');
INSERT INTO `poin_topsis` VALUES (2789, '47', 'RRR', '0.147');
INSERT INTO `poin_topsis` VALUES (2790, '47', 'RRS-RRT', '0.293');
INSERT INTO `poin_topsis` VALUES (2791, '47', 'RSR', '0.246');
INSERT INTO `poin_topsis` VALUES (2792, '47', 'RSS-RST', '0.276');
INSERT INTO `poin_topsis` VALUES (2793, '47', 'RTR', '0.358');
INSERT INTO `poin_topsis` VALUES (2794, '47', 'RTS-RTT', '0.339');
INSERT INTO `poin_topsis` VALUES (2795, '47', 'SRR', '0.363');
INSERT INTO `poin_topsis` VALUES (2796, '47', 'SRS-SRT', '0.459');
INSERT INTO `poin_topsis` VALUES (2797, '47', 'SSR', '0.447');
INSERT INTO `poin_topsis` VALUES (2798, '47', 'SSS-SST', '0.553');
INSERT INTO `poin_topsis` VALUES (2799, '47', 'STR', '0.541');
INSERT INTO `poin_topsis` VALUES (2800, '47', 'TSR', '0.647');
INSERT INTO `poin_topsis` VALUES (2801, '47', 'STS-STT', '0.637');
INSERT INTO `poin_topsis` VALUES (2802, '47', 'TRS-TRT', '0.631');
INSERT INTO `poin_topsis` VALUES (2803, '47', 'TSS-TST', '0.754');
INSERT INTO `poin_topsis` VALUES (2804, '47', 'TTR', '0.707');
INSERT INTO `poin_topsis` VALUES (2805, '47', 'TTS-TTT', '0.853');
INSERT INTO `poin_topsis` VALUES (2806, '48', 'RRR', '0.147');
INSERT INTO `poin_topsis` VALUES (2807, '48', 'RRS-RRT', '0.293');
INSERT INTO `poin_topsis` VALUES (2808, '48', 'RSR', '0.246');
INSERT INTO `poin_topsis` VALUES (2809, '48', 'RSS-RST', '0.276');
INSERT INTO `poin_topsis` VALUES (2810, '48', 'RTR', '0.358');
INSERT INTO `poin_topsis` VALUES (2811, '48', 'RTS-RTT', '0.339');
INSERT INTO `poin_topsis` VALUES (2812, '48', 'SRR', '0.363');
INSERT INTO `poin_topsis` VALUES (2813, '48', 'SRS-SRT', '0.459');
INSERT INTO `poin_topsis` VALUES (2814, '48', 'SSR', '0.447');
INSERT INTO `poin_topsis` VALUES (2815, '48', 'SSS-SST', '0.553');
INSERT INTO `poin_topsis` VALUES (2816, '48', 'STR', '0.541');
INSERT INTO `poin_topsis` VALUES (2817, '48', 'TSR', '0.647');
INSERT INTO `poin_topsis` VALUES (2818, '48', 'STS-STT', '0.637');
INSERT INTO `poin_topsis` VALUES (2819, '48', 'TRS-TRT', '0.631');
INSERT INTO `poin_topsis` VALUES (2820, '48', 'TSS-TST', '0.754');
INSERT INTO `poin_topsis` VALUES (2821, '48', 'TTR', '0.707');
INSERT INTO `poin_topsis` VALUES (2822, '48', 'TTS-TTT', '0.853');
INSERT INTO `poin_topsis` VALUES (2823, '49', 'RRR', '0.147');
INSERT INTO `poin_topsis` VALUES (2824, '49', 'RRS-RRT', '0.293');
INSERT INTO `poin_topsis` VALUES (2825, '49', 'RSR', '0.246');
INSERT INTO `poin_topsis` VALUES (2826, '49', 'RSS-RST', '0.276');
INSERT INTO `poin_topsis` VALUES (2827, '49', 'RTR', '0.358');
INSERT INTO `poin_topsis` VALUES (2828, '49', 'RTS-RTT', '0.339');
INSERT INTO `poin_topsis` VALUES (2829, '49', 'SRR', '0.363');
INSERT INTO `poin_topsis` VALUES (2830, '49', 'SRS-SRT', '0.459');
INSERT INTO `poin_topsis` VALUES (2831, '49', 'SSR', '0.447');
INSERT INTO `poin_topsis` VALUES (2832, '49', 'SSS-SST', '0.553');
INSERT INTO `poin_topsis` VALUES (2833, '49', 'STR', '0.541');
INSERT INTO `poin_topsis` VALUES (2834, '49', 'TSR', '0.647');
INSERT INTO `poin_topsis` VALUES (2835, '49', 'STS-STT', '0.637');
INSERT INTO `poin_topsis` VALUES (2836, '49', 'TRS-TRT', '0.631');
INSERT INTO `poin_topsis` VALUES (2837, '49', 'TSS-TST', '0.754');
INSERT INTO `poin_topsis` VALUES (2838, '49', 'TTR', '0.707');
INSERT INTO `poin_topsis` VALUES (2839, '49', 'TTS-TTT', '0.853');
INSERT INTO `poin_topsis` VALUES (2840, '50', 'RRR', '0.147');
INSERT INTO `poin_topsis` VALUES (2841, '50', 'RRS-RRT', '0.293');
INSERT INTO `poin_topsis` VALUES (2842, '50', 'RSR', '0.246');
INSERT INTO `poin_topsis` VALUES (2843, '50', 'RSS-RST', '0.276');
INSERT INTO `poin_topsis` VALUES (2844, '50', 'RTR', '0.358');
INSERT INTO `poin_topsis` VALUES (2845, '50', 'RTS-RTT', '0.339');
INSERT INTO `poin_topsis` VALUES (2846, '50', 'SRR', '0.363');
INSERT INTO `poin_topsis` VALUES (2847, '50', 'SRS-SRT', '0.459');
INSERT INTO `poin_topsis` VALUES (2848, '50', 'SSR', '0.447');
INSERT INTO `poin_topsis` VALUES (2849, '50', 'SSS-SST', '0.553');
INSERT INTO `poin_topsis` VALUES (2850, '50', 'STR', '0.541');
INSERT INTO `poin_topsis` VALUES (2851, '50', 'TSR', '0.647');
INSERT INTO `poin_topsis` VALUES (2852, '50', 'STS-STT', '0.637');
INSERT INTO `poin_topsis` VALUES (2853, '50', 'TRS-TRT', '0.631');
INSERT INTO `poin_topsis` VALUES (2854, '50', 'TSS-TST', '0.754');
INSERT INTO `poin_topsis` VALUES (2855, '50', 'TTR', '0.707');
INSERT INTO `poin_topsis` VALUES (2856, '50', 'TTS-TTT', '0.853');
INSERT INTO `poin_topsis` VALUES (2857, '51', 'RRR', '0.147');
INSERT INTO `poin_topsis` VALUES (2858, '51', 'RRS-RRT', '0.293');
INSERT INTO `poin_topsis` VALUES (2859, '51', 'RSR', '0.246');
INSERT INTO `poin_topsis` VALUES (2860, '51', 'RSS-RST', '0.276');
INSERT INTO `poin_topsis` VALUES (2861, '51', 'RTR', '0.358');
INSERT INTO `poin_topsis` VALUES (2862, '51', 'RTS-RTT', '0.339');
INSERT INTO `poin_topsis` VALUES (2863, '51', 'SRR', '0.363');
INSERT INTO `poin_topsis` VALUES (2864, '51', 'SRS-SRT', '0.459');
INSERT INTO `poin_topsis` VALUES (2865, '51', 'SSR', '0.447');
INSERT INTO `poin_topsis` VALUES (2866, '51', 'SSS-SST', '0.553');
INSERT INTO `poin_topsis` VALUES (2867, '51', 'STR', '0.541');
INSERT INTO `poin_topsis` VALUES (2868, '51', 'TSR', '0.647');
INSERT INTO `poin_topsis` VALUES (2869, '51', 'STS-STT', '0.637');
INSERT INTO `poin_topsis` VALUES (2870, '51', 'TRS-TRT', '0.631');
INSERT INTO `poin_topsis` VALUES (2871, '51', 'TSS-TST', '0.754');
INSERT INTO `poin_topsis` VALUES (2872, '51', 'TTR', '0.707');
INSERT INTO `poin_topsis` VALUES (2873, '51', 'TTS-TTT', '0.853');
INSERT INTO `poin_topsis` VALUES (2874, '52', 'RRR', '0.147');
INSERT INTO `poin_topsis` VALUES (2875, '52', 'RRS-RRT', '0.293');
INSERT INTO `poin_topsis` VALUES (2876, '52', 'RSR', '0.246');
INSERT INTO `poin_topsis` VALUES (2877, '52', 'RSS-RST', '0.276');
INSERT INTO `poin_topsis` VALUES (2878, '52', 'RTR', '0.358');
INSERT INTO `poin_topsis` VALUES (2879, '52', 'RTS-RTT', '0.339');
INSERT INTO `poin_topsis` VALUES (2880, '52', 'SRR', '0.363');
INSERT INTO `poin_topsis` VALUES (2881, '52', 'SRS-SRT', '0.459');
INSERT INTO `poin_topsis` VALUES (2882, '52', 'SSR', '0.447');
INSERT INTO `poin_topsis` VALUES (2883, '52', 'SSS-SST', '0.553');
INSERT INTO `poin_topsis` VALUES (2884, '52', 'STR', '0.541');
INSERT INTO `poin_topsis` VALUES (2885, '52', 'TSR', '0.647');
INSERT INTO `poin_topsis` VALUES (2886, '52', 'STS-STT', '0.637');
INSERT INTO `poin_topsis` VALUES (2887, '52', 'TRS-TRT', '0.631');
INSERT INTO `poin_topsis` VALUES (2888, '52', 'TSS-TST', '0.754');
INSERT INTO `poin_topsis` VALUES (2889, '52', 'TTR', '0.707');
INSERT INTO `poin_topsis` VALUES (2890, '52', 'TTS-TTT', '0.853');
INSERT INTO `poin_topsis` VALUES (2891, '53', 'RRR', '0.147');
INSERT INTO `poin_topsis` VALUES (2892, '53', 'RRS-RRT', '0.293');
INSERT INTO `poin_topsis` VALUES (2893, '53', 'RSR', '0.246');
INSERT INTO `poin_topsis` VALUES (2894, '53', 'RSS-RST', '0.276');
INSERT INTO `poin_topsis` VALUES (2895, '53', 'RTR', '0.358');
INSERT INTO `poin_topsis` VALUES (2896, '53', 'RTS-RTT', '0.339');
INSERT INTO `poin_topsis` VALUES (2897, '53', 'SRR', '0.363');
INSERT INTO `poin_topsis` VALUES (2898, '53', 'SRS-SRT', '0.459');
INSERT INTO `poin_topsis` VALUES (2899, '53', 'SSR', '0.447');
INSERT INTO `poin_topsis` VALUES (2900, '53', 'SSS-SST', '0.553');
INSERT INTO `poin_topsis` VALUES (2901, '53', 'STR', '0.541');
INSERT INTO `poin_topsis` VALUES (2902, '53', 'TSR', '0.647');
INSERT INTO `poin_topsis` VALUES (2903, '53', 'STS-STT', '0.637');
INSERT INTO `poin_topsis` VALUES (2904, '53', 'TRS-TRT', '0.631');
INSERT INTO `poin_topsis` VALUES (2905, '53', 'TSS-TST', '0.754');
INSERT INTO `poin_topsis` VALUES (2906, '53', 'TTR', '0.707');
INSERT INTO `poin_topsis` VALUES (2907, '53', 'TTS-TTT', '0.853');
INSERT INTO `poin_topsis` VALUES (2908, '54', 'RRR', '0.147');
INSERT INTO `poin_topsis` VALUES (2909, '54', 'RRS-RRT', '0.293');
INSERT INTO `poin_topsis` VALUES (2910, '54', 'RSR', '0.246');
INSERT INTO `poin_topsis` VALUES (2911, '54', 'RSS-RST', '0.276');
INSERT INTO `poin_topsis` VALUES (2912, '54', 'RTR', '0.358');
INSERT INTO `poin_topsis` VALUES (2913, '54', 'RTS-RTT', '0.339');
INSERT INTO `poin_topsis` VALUES (2914, '54', 'SRR', '0.363');
INSERT INTO `poin_topsis` VALUES (2915, '54', 'SRS-SRT', '0.459');
INSERT INTO `poin_topsis` VALUES (2916, '54', 'SSR', '0.447');
INSERT INTO `poin_topsis` VALUES (2917, '54', 'SSS-SST', '0.553');
INSERT INTO `poin_topsis` VALUES (2918, '54', 'STR', '0.541');
INSERT INTO `poin_topsis` VALUES (2919, '54', 'TSR', '0.647');
INSERT INTO `poin_topsis` VALUES (2920, '54', 'STS-STT', '0.637');
INSERT INTO `poin_topsis` VALUES (2921, '54', 'TRS-TRT', '0.631');
INSERT INTO `poin_topsis` VALUES (2922, '54', 'TSS-TST', '0.754');
INSERT INTO `poin_topsis` VALUES (2923, '54', 'TTR', '0.707');
INSERT INTO `poin_topsis` VALUES (2924, '54', 'TTS-TTT', '0.853');
INSERT INTO `poin_topsis` VALUES (2925, '55', 'RRR', '0.147');
INSERT INTO `poin_topsis` VALUES (2926, '55', 'RRS-RRT', '0.293');
INSERT INTO `poin_topsis` VALUES (2927, '55', 'RSR', '0.246');
INSERT INTO `poin_topsis` VALUES (2928, '55', 'RSS-RST', '0.276');
INSERT INTO `poin_topsis` VALUES (2929, '55', 'RTR', '0.358');
INSERT INTO `poin_topsis` VALUES (2930, '55', 'RTS-RTT', '0.339');
INSERT INTO `poin_topsis` VALUES (2931, '55', 'SRR', '0.363');
INSERT INTO `poin_topsis` VALUES (2932, '55', 'SRS-SRT', '0.459');
INSERT INTO `poin_topsis` VALUES (2933, '55', 'SSR', '0.447');
INSERT INTO `poin_topsis` VALUES (2934, '55', 'SSS-SST', '0.553');
INSERT INTO `poin_topsis` VALUES (2935, '55', 'STR', '0.541');
INSERT INTO `poin_topsis` VALUES (2936, '55', 'TSR', '0.647');
INSERT INTO `poin_topsis` VALUES (2937, '55', 'STS-STT', '0.637');
INSERT INTO `poin_topsis` VALUES (2938, '55', 'TRS-TRT', '0.631');
INSERT INTO `poin_topsis` VALUES (2939, '55', 'TSS-TST', '0.754');
INSERT INTO `poin_topsis` VALUES (2940, '55', 'TTR', '0.707');
INSERT INTO `poin_topsis` VALUES (2941, '55', 'TTS-TTT', '0.853');
INSERT INTO `poin_topsis` VALUES (2942, '56', 'RRR', '0.147');
INSERT INTO `poin_topsis` VALUES (2943, '56', 'RRS-RRT', '0.293');
INSERT INTO `poin_topsis` VALUES (2944, '56', 'RSR', '0.246');
INSERT INTO `poin_topsis` VALUES (2945, '56', 'RSS-RST', '0.276');
INSERT INTO `poin_topsis` VALUES (2946, '56', 'RTR', '0.358');
INSERT INTO `poin_topsis` VALUES (2947, '56', 'RTS-RTT', '0.339');
INSERT INTO `poin_topsis` VALUES (2948, '56', 'SRR', '0.363');
INSERT INTO `poin_topsis` VALUES (2949, '56', 'SRS-SRT', '0.459');
INSERT INTO `poin_topsis` VALUES (2950, '56', 'SSR', '0.447');
INSERT INTO `poin_topsis` VALUES (2951, '56', 'SSS-SST', '0.553');
INSERT INTO `poin_topsis` VALUES (2952, '56', 'STR', '0.541');
INSERT INTO `poin_topsis` VALUES (2953, '56', 'TSR', '0.647');
INSERT INTO `poin_topsis` VALUES (2954, '56', 'STS-STT', '0.637');
INSERT INTO `poin_topsis` VALUES (2955, '56', 'TRS-TRT', '0.631');
INSERT INTO `poin_topsis` VALUES (2956, '56', 'TSS-TST', '0.754');
INSERT INTO `poin_topsis` VALUES (2957, '56', 'TTR', '0.707');
INSERT INTO `poin_topsis` VALUES (2958, '56', 'TTS-TTT', '0.853');
INSERT INTO `poin_topsis` VALUES (2959, '57', 'RRR', '0.147');
INSERT INTO `poin_topsis` VALUES (2960, '57', 'RRS-RRT', '0.293');
INSERT INTO `poin_topsis` VALUES (2961, '57', 'RSR', '0.246');
INSERT INTO `poin_topsis` VALUES (2962, '57', 'RSS-RST', '0.276');
INSERT INTO `poin_topsis` VALUES (2963, '57', 'RTR', '0.358');
INSERT INTO `poin_topsis` VALUES (2964, '57', 'RTS-RTT', '0.339');
INSERT INTO `poin_topsis` VALUES (2965, '57', 'SRR', '0.363');
INSERT INTO `poin_topsis` VALUES (2966, '57', 'SRS-SRT', '0.459');
INSERT INTO `poin_topsis` VALUES (2967, '57', 'SSR', '0.447');
INSERT INTO `poin_topsis` VALUES (2968, '57', 'SSS-SST', '0.553');
INSERT INTO `poin_topsis` VALUES (2969, '57', 'STR', '0.541');
INSERT INTO `poin_topsis` VALUES (2970, '57', 'TSR', '0.647');
INSERT INTO `poin_topsis` VALUES (2971, '57', 'STS-STT', '0.637');
INSERT INTO `poin_topsis` VALUES (2972, '57', 'TRS-TRT', '0.631');
INSERT INTO `poin_topsis` VALUES (2973, '57', 'TSS-TST', '0.754');
INSERT INTO `poin_topsis` VALUES (2974, '57', 'TTR', '0.707');
INSERT INTO `poin_topsis` VALUES (2975, '57', 'TTS-TTT', '0.853');
INSERT INTO `poin_topsis` VALUES (2976, '58', 'RRR', '0.147');
INSERT INTO `poin_topsis` VALUES (2977, '58', 'RRS-RRT', '0.293');
INSERT INTO `poin_topsis` VALUES (2978, '58', 'RSR', '0.246');
INSERT INTO `poin_topsis` VALUES (2979, '58', 'RSS-RST', '0.276');
INSERT INTO `poin_topsis` VALUES (2980, '58', 'RTR', '0.358');
INSERT INTO `poin_topsis` VALUES (2981, '58', 'RTS-RTT', '0.339');
INSERT INTO `poin_topsis` VALUES (2982, '58', 'SRR', '0.363');
INSERT INTO `poin_topsis` VALUES (2983, '58', 'SRS-SRT', '0.459');
INSERT INTO `poin_topsis` VALUES (2984, '58', 'SSR', '0.447');
INSERT INTO `poin_topsis` VALUES (2985, '58', 'SSS-SST', '0.553');
INSERT INTO `poin_topsis` VALUES (2986, '58', 'STR', '0.541');
INSERT INTO `poin_topsis` VALUES (2987, '58', 'TSR', '0.647');
INSERT INTO `poin_topsis` VALUES (2988, '58', 'STS-STT', '0.637');
INSERT INTO `poin_topsis` VALUES (2989, '58', 'TRS-TRT', '0.631');
INSERT INTO `poin_topsis` VALUES (2990, '58', 'TSS-TST', '0.754');
INSERT INTO `poin_topsis` VALUES (2991, '58', 'TTR', '0.707');
INSERT INTO `poin_topsis` VALUES (2992, '58', 'TTS-TTT', '0.853');
INSERT INTO `poin_topsis` VALUES (2993, '59', 'RRR', '0.147');
INSERT INTO `poin_topsis` VALUES (2994, '59', 'RRS-RRT', '0.293');
INSERT INTO `poin_topsis` VALUES (2995, '59', 'RSR', '0.246');
INSERT INTO `poin_topsis` VALUES (2996, '59', 'RSS-RST', '0.276');
INSERT INTO `poin_topsis` VALUES (2997, '59', 'RTR', '0.358');
INSERT INTO `poin_topsis` VALUES (2998, '59', 'RTS-RTT', '0.339');
INSERT INTO `poin_topsis` VALUES (2999, '59', 'SRR', '0.363');
INSERT INTO `poin_topsis` VALUES (3000, '59', 'SRS-SRT', '0.459');
INSERT INTO `poin_topsis` VALUES (3001, '59', 'SSR', '0.447');
INSERT INTO `poin_topsis` VALUES (3002, '59', 'SSS-SST', '0.553');
INSERT INTO `poin_topsis` VALUES (3003, '59', 'STR', '0.541');
INSERT INTO `poin_topsis` VALUES (3004, '59', 'TSR', '0.647');
INSERT INTO `poin_topsis` VALUES (3005, '59', 'STS-STT', '0.637');
INSERT INTO `poin_topsis` VALUES (3006, '59', 'TRS-TRT', '0.631');
INSERT INTO `poin_topsis` VALUES (3007, '59', 'TSS-TST', '0.754');
INSERT INTO `poin_topsis` VALUES (3008, '59', 'TTR', '0.707');
INSERT INTO `poin_topsis` VALUES (3009, '59', 'TTS-TTT', '0.853');
INSERT INTO `poin_topsis` VALUES (3010, '60', 'RRR', '0.669');
INSERT INTO `poin_topsis` VALUES (3011, '60', 'RRS-RRT', '0.699');
INSERT INTO `poin_topsis` VALUES (3012, '60', 'RSR', '0.710');
INSERT INTO `poin_topsis` VALUES (3013, '60', 'RSS-RST', '0.450');
INSERT INTO `poin_topsis` VALUES (3014, '60', 'RTR', '0.482');
INSERT INTO `poin_topsis` VALUES (3015, '60', 'RTS-RTT', '0.482');
INSERT INTO `poin_topsis` VALUES (3016, '60', 'SRR', '0.445');
INSERT INTO `poin_topsis` VALUES (3017, '60', 'SRS-SRT', '0.482');
INSERT INTO `poin_topsis` VALUES (3018, '60', 'SSR', '0.480');
INSERT INTO `poin_topsis` VALUES (3019, '60', 'SSS-SST', '0.518');
INSERT INTO `poin_topsis` VALUES (3020, '60', 'STR', '0.515');
INSERT INTO `poin_topsis` VALUES (3021, '60', 'TSR', '0.251');
INSERT INTO `poin_topsis` VALUES (3022, '60', 'STS-STT', '0.552');
INSERT INTO `poin_topsis` VALUES (3023, '60', 'TRS-TRT', '0.268');
INSERT INTO `poin_topsis` VALUES (3024, '60', 'TSS-TST', '0.290');
INSERT INTO `poin_topsis` VALUES (3025, '60', 'TTR', '0.301');
INSERT INTO `poin_topsis` VALUES (3026, '60', 'TTS-TTT', '0.331');
INSERT INTO `poin_topsis` VALUES (3027, '61', 'RRR', '0.771');
INSERT INTO `poin_topsis` VALUES (3028, '61', 'RRS-RRT', '0.793');
INSERT INTO `poin_topsis` VALUES (3029, '61', 'RSR', '0.802');
INSERT INTO `poin_topsis` VALUES (3030, '61', 'RSS-RST', '0.477');
INSERT INTO `poin_topsis` VALUES (3031, '61', 'RTR', '0.491');
INSERT INTO `poin_topsis` VALUES (3032, '61', 'RTS-RTT', '0.491');
INSERT INTO `poin_topsis` VALUES (3033, '61', 'SRR', '0.475');
INSERT INTO `poin_topsis` VALUES (3034, '61', 'SRS-SRT', '0.491');
INSERT INTO `poin_topsis` VALUES (3035, '61', 'SSR', '0.490');
INSERT INTO `poin_topsis` VALUES (3036, '61', 'SSS-SST', '0.507');
INSERT INTO `poin_topsis` VALUES (3037, '61', 'STR', '0.506');
INSERT INTO `poin_topsis` VALUES (3038, '61', 'TSR', '0.171');
INSERT INTO `poin_topsis` VALUES (3039, '61', 'STS-STT', '0.522');
INSERT INTO `poin_topsis` VALUES (3040, '61', 'TRS-TRT', '0.184');
INSERT INTO `poin_topsis` VALUES (3041, '61', 'TSS-TST', '0.198');
INSERT INTO `poin_topsis` VALUES (3042, '61', 'TTR', '0.207');
INSERT INTO `poin_topsis` VALUES (3043, '61', 'TTS-TTT', '0.229');
INSERT INTO `poin_topsis` VALUES (3044, '62', 'RRR', '0.403');
INSERT INTO `poin_topsis` VALUES (3045, '62', 'RRS-RRT', '0.477');
INSERT INTO `poin_topsis` VALUES (3046, '62', 'RSR', '0.471');
INSERT INTO `poin_topsis` VALUES (3047, '62', 'RSS-RST', '0.372');
INSERT INTO `poin_topsis` VALUES (3048, '62', 'RTR', '0.457');
INSERT INTO `poin_topsis` VALUES (3049, '62', 'RTS-RTT', '0.453');
INSERT INTO `poin_topsis` VALUES (3050, '62', 'SRR', '0.338');
INSERT INTO `poin_topsis` VALUES (3051, '62', 'SRS-SRT', '0.453');
INSERT INTO `poin_topsis` VALUES (3052, '62', 'SSR', '0.437');
INSERT INTO `poin_topsis` VALUES (3053, '62', 'SSS-SST', '0.563');
INSERT INTO `poin_topsis` VALUES (3054, '62', 'STR', '0.546');
INSERT INTO `poin_topsis` VALUES (3055, '62', 'TSR', '0.447');
INSERT INTO `poin_topsis` VALUES (3056, '62', 'STS-STT', '0.661');
INSERT INTO `poin_topsis` VALUES (3057, '62', 'TRS-TRT', '0.456');
INSERT INTO `poin_topsis` VALUES (3058, '62', 'TSS-TST', '0.529');
INSERT INTO `poin_topsis` VALUES (3059, '62', 'TTR', '0.523');
INSERT INTO `poin_topsis` VALUES (3060, '62', 'TTS-TTT', '0.597');
INSERT INTO `poin_topsis` VALUES (3061, '63', 'RRR', '0.498');
INSERT INTO `poin_topsis` VALUES (3062, '63', 'RRS-RRT', '0.510');
INSERT INTO `poin_topsis` VALUES (3063, '63', 'RSR', '0.510');
INSERT INTO `poin_topsis` VALUES (3064, '63', 'RSS-RST', '0.331');
INSERT INTO `poin_topsis` VALUES (3065, '63', 'RTR', '0.352');
INSERT INTO `poin_topsis` VALUES (3066, '63', 'RTS-RTT', '0.347');
INSERT INTO `poin_topsis` VALUES (3067, '63', 'SRR', '0.465');
INSERT INTO `poin_topsis` VALUES (3068, '63', 'SRS-SRT', '0.488');
INSERT INTO `poin_topsis` VALUES (3069, '63', 'SSR', '0.487');
INSERT INTO `poin_topsis` VALUES (3070, '63', 'SSS-SST', '0.511');
INSERT INTO `poin_topsis` VALUES (3071, '63', 'STR', '0.510');
INSERT INTO `poin_topsis` VALUES (3072, '63', 'TSR', '0.477');
INSERT INTO `poin_topsis` VALUES (3073, '63', 'STS-STT', '0.534');
INSERT INTO `poin_topsis` VALUES (3074, '63', 'TRS-TRT', '0.478');
INSERT INTO `poin_topsis` VALUES (3075, '63', 'TSS-TST', '0.490');
INSERT INTO `poin_topsis` VALUES (3076, '63', 'TTR', '0.490');
INSERT INTO `poin_topsis` VALUES (3077, '63', 'TTS-TTT', '0.502');
INSERT INTO `poin_topsis` VALUES (3078, '64', 'RRR', '0.147');
INSERT INTO `poin_topsis` VALUES (3079, '64', 'RRS-RRT', '0.293');
INSERT INTO `poin_topsis` VALUES (3080, '64', 'RSR', '0.379');
INSERT INTO `poin_topsis` VALUES (3081, '64', 'RSS-RST', '0.276');
INSERT INTO `poin_topsis` VALUES (3082, '64', 'RTR', '0.574');
INSERT INTO `poin_topsis` VALUES (3083, '64', 'RTS-RTT', '0.459');
INSERT INTO `poin_topsis` VALUES (3084, '64', 'SRR', '0.219');
INSERT INTO `poin_topsis` VALUES (3085, '64', 'SRS-SRT', '0.339');
INSERT INTO `poin_topsis` VALUES (3086, '64', 'SSR', '0.447');
INSERT INTO `poin_topsis` VALUES (3087, '64', 'SSS-SST', '0.553');
INSERT INTO `poin_topsis` VALUES (3088, '64', 'STR', '0.661');
INSERT INTO `poin_topsis` VALUES (3089, '64', 'TSR', '0.529');
INSERT INTO `poin_topsis` VALUES (3090, '64', 'STS-STT', '0.781');
INSERT INTO `poin_topsis` VALUES (3091, '64', 'TRS-TRT', '0.420');
INSERT INTO `poin_topsis` VALUES (3092, '64', 'TSS-TST', '0.621');
INSERT INTO `poin_topsis` VALUES (3093, '64', 'TTR', '0.707');
INSERT INTO `poin_topsis` VALUES (3094, '64', 'TTS-TTT', '0.853');
INSERT INTO `poin_topsis` VALUES (3095, '65', 'RRR', '0.161');
INSERT INTO `poin_topsis` VALUES (3096, '65', 'RRS-RRT', '0.470');
INSERT INTO `poin_topsis` VALUES (3097, '65', 'RSR', '0.272');
INSERT INTO `poin_topsis` VALUES (3098, '65', 'RSS-RST', '0.460');
INSERT INTO `poin_topsis` VALUES (3099, '65', 'RTR', '0.392');
INSERT INTO `poin_topsis` VALUES (3100, '65', 'RTS-RTT', '0.537');
INSERT INTO `poin_topsis` VALUES (3101, '65', 'SRR', '0.243');
INSERT INTO `poin_topsis` VALUES (3102, '65', 'SRS-SRT', '0.537');
INSERT INTO `poin_topsis` VALUES (3103, '65', 'SSR', '0.341');
INSERT INTO `poin_topsis` VALUES (3104, '65', 'SSS-SST', '0.659');
INSERT INTO `poin_topsis` VALUES (3105, '65', 'STR', '0.463');
INSERT INTO `poin_topsis` VALUES (3106, '65', 'TSR', '0.453');
INSERT INTO `poin_topsis` VALUES (3107, '65', 'STS-STT', '0.757');
INSERT INTO `poin_topsis` VALUES (3108, '65', 'TRS-TRT', '0.595');
INSERT INTO `poin_topsis` VALUES (3109, '65', 'TSS-TST', '0.728');
INSERT INTO `poin_topsis` VALUES (3110, '65', 'TTR', '0.530');
INSERT INTO `poin_topsis` VALUES (3111, '65', 'TTS-TTT', '0.839');
INSERT INTO `poin_topsis` VALUES (3112, '66', 'RRR', '0.341');
INSERT INTO `poin_topsis` VALUES (3113, '66', 'RRS-RRT', '0.399');
INSERT INTO `poin_topsis` VALUES (3114, '66', 'RSR', '0.386');
INSERT INTO `poin_topsis` VALUES (3115, '66', 'RSS-RST', '0.308');
INSERT INTO `poin_topsis` VALUES (3116, '66', 'RTR', '0.375');
INSERT INTO `poin_topsis` VALUES (3117, '66', 'RTS-RTT', '0.361');
INSERT INTO `poin_topsis` VALUES (3118, '66', 'SRR', '0.385');
INSERT INTO `poin_topsis` VALUES (3119, '66', 'SRS-SRT', '0.465');
INSERT INTO `poin_topsis` VALUES (3120, '66', 'SSR', '0.456');
INSERT INTO `poin_topsis` VALUES (3121, '66', 'SSS-SST', '0.544');
INSERT INTO `poin_topsis` VALUES (3122, '66', 'STR', '0.534');
INSERT INTO `poin_topsis` VALUES (3123, '66', 'TSR', '0.557');
INSERT INTO `poin_topsis` VALUES (3124, '66', 'STS-STT', '0.614');
INSERT INTO `poin_topsis` VALUES (3125, '66', 'TRS-TRT', '0.553');
INSERT INTO `poin_topsis` VALUES (3126, '66', 'TSS-TST', '0.614');
INSERT INTO `poin_topsis` VALUES (3127, '66', 'TTR', '0.601');
INSERT INTO `poin_topsis` VALUES (3128, '66', 'TTS-TTT', '0.659');
INSERT INTO `poin_topsis` VALUES (3129, '67', 'RRR', '0.463');
INSERT INTO `poin_topsis` VALUES (3130, '67', 'RRS-RRT', '0.498');
INSERT INTO `poin_topsis` VALUES (3131, '67', 'RSR', '0.496');
INSERT INTO `poin_topsis` VALUES (3132, '67', 'RSS-RST', '0.349');
INSERT INTO `poin_topsis` VALUES (3133, '67', 'RTR', '0.398');
INSERT INTO `poin_topsis` VALUES (3134, '67', 'RTS-RTT', '0.390');
INSERT INTO `poin_topsis` VALUES (3135, '67', 'SRR', '0.412');
INSERT INTO `poin_topsis` VALUES (3136, '67', 'SRS-SRT', '0.473');
INSERT INTO `poin_topsis` VALUES (3137, '67', 'SSR', '0.467');
INSERT INTO `poin_topsis` VALUES (3138, '67', 'SSS-SST', '0.532');
INSERT INTO `poin_topsis` VALUES (3139, '67', 'STR', '0.526');
INSERT INTO `poin_topsis` VALUES (3140, '67', 'TSR', '0.467');
INSERT INTO `poin_topsis` VALUES (3141, '67', 'STS-STT', '0.586');
INSERT INTO `poin_topsis` VALUES (3142, '67', 'TRS-TRT', '0.470');
INSERT INTO `poin_topsis` VALUES (3143, '67', 'TSS-TST', '0.504');
INSERT INTO `poin_topsis` VALUES (3144, '67', 'TTR', '0.502');
INSERT INTO `poin_topsis` VALUES (3145, '67', 'TTS-TTT', '0.537');
INSERT INTO `poin_topsis` VALUES (3146, '68', 'RRR', '0.354');
INSERT INTO `poin_topsis` VALUES (3147, '68', 'RRS-RRT', '0.361');
INSERT INTO `poin_topsis` VALUES (3148, '68', 'RSR', '0.506');
INSERT INTO `poin_topsis` VALUES (3149, '68', 'RSS-RST', '0.225');
INSERT INTO `poin_topsis` VALUES (3150, '68', 'RTR', '0.601');
INSERT INTO `poin_topsis` VALUES (3151, '68', 'RTS-RTT', '0.420');
INSERT INTO `poin_topsis` VALUES (3152, '68', 'SRR', '0.285');
INSERT INTO `poin_topsis` VALUES (3153, '68', 'SRS-SRT', '0.297');
INSERT INTO `poin_topsis` VALUES (3154, '68', 'SSR', '0.494');
INSERT INTO `poin_topsis` VALUES (3155, '68', 'SSS-SST', '0.506');
INSERT INTO `poin_topsis` VALUES (3156, '68', 'STR', '0.702');
INSERT INTO `poin_topsis` VALUES (3157, '68', 'TSR', '0.486');
INSERT INTO `poin_topsis` VALUES (3158, '68', 'STS-STT', '0.714');
INSERT INTO `poin_topsis` VALUES (3159, '68', 'TRS-TRT', '0.342');
INSERT INTO `poin_topsis` VALUES (3160, '68', 'TSS-TST', '0.494');
INSERT INTO `poin_topsis` VALUES (3161, '68', 'TTR', '0.639');
INSERT INTO `poin_topsis` VALUES (3162, '68', 'TTS-TTT', '0.646');
INSERT INTO `poin_topsis` VALUES (3163, '69', 'RRR', '0.147');
INSERT INTO `poin_topsis` VALUES (3164, '69', 'RRS-RRT', '0.293');
INSERT INTO `poin_topsis` VALUES (3165, '69', 'RSR', '0.246');
INSERT INTO `poin_topsis` VALUES (3166, '69', 'RSS-RST', '0.276');
INSERT INTO `poin_topsis` VALUES (3167, '69', 'RTR', '0.358');
INSERT INTO `poin_topsis` VALUES (3168, '69', 'RTS-RTT', '0.339');
INSERT INTO `poin_topsis` VALUES (3169, '69', 'SRR', '0.363');
INSERT INTO `poin_topsis` VALUES (3170, '69', 'SRS-SRT', '0.459');
INSERT INTO `poin_topsis` VALUES (3171, '69', 'SSR', '0.447');
INSERT INTO `poin_topsis` VALUES (3172, '69', 'SSS-SST', '0.553');
INSERT INTO `poin_topsis` VALUES (3173, '69', 'STR', '0.541');
INSERT INTO `poin_topsis` VALUES (3174, '69', 'TSR', '0.647');
INSERT INTO `poin_topsis` VALUES (3175, '69', 'STS-STT', '0.637');
INSERT INTO `poin_topsis` VALUES (3176, '69', 'TRS-TRT', '0.631');
INSERT INTO `poin_topsis` VALUES (3177, '69', 'TSS-TST', '0.754');
INSERT INTO `poin_topsis` VALUES (3178, '69', 'TTR', '0.707');
INSERT INTO `poin_topsis` VALUES (3179, '69', 'TTS-TTT', '0.853');
INSERT INTO `poin_topsis` VALUES (3180, '70', 'RRR', '0.453');
INSERT INTO `poin_topsis` VALUES (3181, '70', 'RRS-RRT', '0.773');
INSERT INTO `poin_topsis` VALUES (3182, '70', 'RSR', '0.463');
INSERT INTO `poin_topsis` VALUES (3183, '70', 'RSS-RST', '0.648');
INSERT INTO `poin_topsis` VALUES (3184, '70', 'RTR', '0.317');
INSERT INTO `poin_topsis` VALUES (3185, '70', 'RTS-RTT', '0.670');
INSERT INTO `poin_topsis` VALUES (3186, '70', 'SRR', '0.290');
INSERT INTO `poin_topsis` VALUES (3187, '70', 'SRS-SRT', '0.670');
INSERT INTO `poin_topsis` VALUES (3188, '70', 'SSR', '0.304');
INSERT INTO `poin_topsis` VALUES (3189, '70', 'SSS-SST', '0.695');
INSERT INTO `poin_topsis` VALUES (3190, '70', 'STR', '0.329');
INSERT INTO `poin_topsis` VALUES (3191, '70', 'TSR', '0.187');
INSERT INTO `poin_topsis` VALUES (3192, '70', 'STS-STT', '0.709');
INSERT INTO `poin_topsis` VALUES (3193, '70', 'TRS-TRT', '0.526');
INSERT INTO `poin_topsis` VALUES (3194, '70', 'TSS-TST', '0.537');
INSERT INTO `poin_topsis` VALUES (3195, '70', 'TTR', '0.227');
INSERT INTO `poin_topsis` VALUES (3196, '70', 'TTS-TTT', '0.547');
INSERT INTO `poin_topsis` VALUES (3197, '71', 'RRR', '0.463');
INSERT INTO `poin_topsis` VALUES (3198, '71', 'RRS-RRT', '0.498');
INSERT INTO `poin_topsis` VALUES (3199, '71', 'RSR', '0.570');
INSERT INTO `poin_topsis` VALUES (3200, '71', 'RSS-RST', '0.349');
INSERT INTO `poin_topsis` VALUES (3201, '71', 'RTR', '0.553');
INSERT INTO `poin_topsis` VALUES (3202, '71', 'RTS-RTT', '0.473');
INSERT INTO `poin_topsis` VALUES (3203, '71', 'SRR', '0.328');
INSERT INTO `poin_topsis` VALUES (3204, '71', 'SRS-SRT', '0.390');
INSERT INTO `poin_topsis` VALUES (3205, '71', 'SSR', '0.467');
INSERT INTO `poin_topsis` VALUES (3206, '71', 'SSS-SST', '0.532');
INSERT INTO `poin_topsis` VALUES (3207, '71', 'STR', '0.609');
INSERT INTO `poin_topsis` VALUES (3208, '71', 'TSR', '0.383');
INSERT INTO `poin_topsis` VALUES (3209, '71', 'STS-STT', '0.670');
INSERT INTO `poin_topsis` VALUES (3210, '71', 'TRS-TRT', '0.335');
INSERT INTO `poin_topsis` VALUES (3211, '71', 'TSS-TST', '0.430');
INSERT INTO `poin_topsis` VALUES (3212, '71', 'TTR', '0.502');
INSERT INTO `poin_topsis` VALUES (3213, '71', 'TTS-TTT', '0.537');
INSERT INTO `poin_topsis` VALUES (3214, '72', 'RRR', '0.354');
INSERT INTO `poin_topsis` VALUES (3215, '72', 'RRS-RRT', '0.361');
INSERT INTO `poin_topsis` VALUES (3216, '72', 'RSR', '0.402');
INSERT INTO `poin_topsis` VALUES (3217, '72', 'RSS-RST', '0.225');
INSERT INTO `poin_topsis` VALUES (3218, '72', 'RTR', '0.391');
INSERT INTO `poin_topsis` VALUES (3219, '72', 'RTS-RTT', '0.297');
INSERT INTO `poin_topsis` VALUES (3220, '72', 'SRR', '0.409');
INSERT INTO `poin_topsis` VALUES (3221, '72', 'SRS-SRT', '0.420');
INSERT INTO `poin_topsis` VALUES (3222, '72', 'SSR', '0.494');
INSERT INTO `poin_topsis` VALUES (3223, '72', 'SSS-SST', '0.506');
INSERT INTO `poin_topsis` VALUES (3224, '72', 'STR', '0.580');
INSERT INTO `poin_topsis` VALUES (3225, '72', 'TSR', '0.591');
INSERT INTO `poin_topsis` VALUES (3226, '72', 'STS-STT', '0.590');
INSERT INTO `poin_topsis` VALUES (3227, '72', 'TRS-TRT', '0.535');
INSERT INTO `poin_topsis` VALUES (3228, '72', 'TSS-TST', '0.598');
INSERT INTO `poin_topsis` VALUES (3229, '72', 'TTR', '0.639');
INSERT INTO `poin_topsis` VALUES (3230, '72', 'TTS-TTT', '0.646');
INSERT INTO `poin_topsis` VALUES (3231, '73', 'RRR', '0.555');
INSERT INTO `poin_topsis` VALUES (3232, '73', 'RRS-RRT', '0.560');
INSERT INTO `poin_topsis` VALUES (3233, '73', 'RSR', '0.619');
INSERT INTO `poin_topsis` VALUES (3234, '73', 'RSS-RST', '0.355');
INSERT INTO `poin_topsis` VALUES (3235, '73', 'RTR', '0.495');
INSERT INTO `poin_topsis` VALUES (3236, '73', 'RTS-RTT', '0.423');
INSERT INTO `poin_topsis` VALUES (3237, '73', 'SRR', '0.413');
INSERT INTO `poin_topsis` VALUES (3238, '73', 'SRS-SRT', '0.423');
INSERT INTO `poin_topsis` VALUES (3239, '73', 'SSR', '0.494');
INSERT INTO `poin_topsis` VALUES (3240, '73', 'SSS-SST', '0.504');
INSERT INTO `poin_topsis` VALUES (3241, '73', 'STR', '0.576');
INSERT INTO `poin_topsis` VALUES (3242, '73', 'TSR', '0.374');
INSERT INTO `poin_topsis` VALUES (3243, '73', 'STS-STT', '0.585');
INSERT INTO `poin_topsis` VALUES (3244, '73', 'TRS-TRT', '0.334');
INSERT INTO `poin_topsis` VALUES (3245, '73', 'TSS-TST', '0.381');
INSERT INTO `poin_topsis` VALUES (3246, '73', 'TTR', '0.440');
INSERT INTO `poin_topsis` VALUES (3247, '73', 'TTS-TTT', '0.445');
INSERT INTO `poin_topsis` VALUES (3248, '74', 'RRR', '0.248');
INSERT INTO `poin_topsis` VALUES (3249, '74', 'RRS-RRT', '0.290');
INSERT INTO `poin_topsis` VALUES (3250, '74', 'RSR', '0.275');
INSERT INTO `poin_topsis` VALUES (3251, '74', 'RSS-RST', '0.219');
INSERT INTO `poin_topsis` VALUES (3252, '74', 'RTR', '0.266');
INSERT INTO `poin_topsis` VALUES (3253, '74', 'RTS-RTT', '0.250');
INSERT INTO `poin_topsis` VALUES (3254, '74', 'SRR', '0.442');
INSERT INTO `poin_topsis` VALUES (3255, '74', 'SRS-SRT', '0.482');
INSERT INTO `poin_topsis` VALUES (3256, '74', 'SSR', '0.479');
INSERT INTO `poin_topsis` VALUES (3257, '74', 'SSS-SST', '0.521');
INSERT INTO `poin_topsis` VALUES (3258, '74', 'STR', '0.518');
INSERT INTO `poin_topsis` VALUES (3259, '74', 'TSR', '0.687');
INSERT INTO `poin_topsis` VALUES (3260, '74', 'STS-STT', '0.558');
INSERT INTO `poin_topsis` VALUES (3261, '74', 'TRS-TRT', '0.678');
INSERT INTO `poin_topsis` VALUES (3262, '74', 'TSS-TST', '0.725');
INSERT INTO `poin_topsis` VALUES (3263, '74', 'TTR', '0.710');
INSERT INTO `poin_topsis` VALUES (3264, '74', 'TTS-TTT', '0.752');
INSERT INTO `poin_topsis` VALUES (3265, '75', 'RRR', '0.161');
INSERT INTO `poin_topsis` VALUES (3266, '75', 'RRS-RRT', '0.470');
INSERT INTO `poin_topsis` VALUES (3267, '75', 'RSR', '0.272');
INSERT INTO `poin_topsis` VALUES (3268, '75', 'RSS-RST', '0.460');
INSERT INTO `poin_topsis` VALUES (3269, '75', 'RTR', '0.392');
INSERT INTO `poin_topsis` VALUES (3270, '75', 'RTS-RTT', '0.537');
INSERT INTO `poin_topsis` VALUES (3271, '75', 'SRR', '0.243');
INSERT INTO `poin_topsis` VALUES (3272, '75', 'SRS-SRT', '0.537');
INSERT INTO `poin_topsis` VALUES (3273, '75', 'SSR', '0.341');
INSERT INTO `poin_topsis` VALUES (3274, '75', 'SSS-SST', '0.659');
INSERT INTO `poin_topsis` VALUES (3275, '75', 'STR', '0.463');
INSERT INTO `poin_topsis` VALUES (3276, '75', 'TSR', '0.453');
INSERT INTO `poin_topsis` VALUES (3277, '75', 'STS-STT', '0.757');
INSERT INTO `poin_topsis` VALUES (3278, '75', 'TRS-TRT', '0.595');
INSERT INTO `poin_topsis` VALUES (3279, '75', 'TSS-TST', '0.728');
INSERT INTO `poin_topsis` VALUES (3280, '75', 'TTR', '0.530');
INSERT INTO `poin_topsis` VALUES (3281, '75', 'TTS-TTT', '0.839');
INSERT INTO `poin_topsis` VALUES (3282, '76', 'RRR', '0.146');
INSERT INTO `poin_topsis` VALUES (3283, '76', 'RRS-RRT', '0.425');
INSERT INTO `poin_topsis` VALUES (3284, '76', 'RSR', '0.377');
INSERT INTO `poin_topsis` VALUES (3285, '76', 'RSS-RST', '0.416');
INSERT INTO `poin_topsis` VALUES (3286, '76', 'RTR', '0.571');
INSERT INTO `poin_topsis` VALUES (3287, '76', 'RTS-RTT', '0.617');
INSERT INTO `poin_topsis` VALUES (3288, '76', 'SRR', '0.105');
INSERT INTO `poin_topsis` VALUES (3289, '76', 'SRS-SRT', '0.421');
INSERT INTO `poin_topsis` VALUES (3290, '76', 'SSR', '0.369');
INSERT INTO `poin_topsis` VALUES (3291, '76', 'SSS-SST', '0.631');
INSERT INTO `poin_topsis` VALUES (3292, '76', 'STR', '0.579');
INSERT INTO `poin_topsis` VALUES (3293, '76', 'TSR', '0.374');
INSERT INTO `poin_topsis` VALUES (3294, '76', 'STS-STT', '0.894');
INSERT INTO `poin_topsis` VALUES (3295, '76', 'TRS-TRT', '0.423');
INSERT INTO `poin_topsis` VALUES (3296, '76', 'TSS-TST', '0.623');
INSERT INTO `poin_topsis` VALUES (3297, '76', 'TTR', '0.575');
INSERT INTO `poin_topsis` VALUES (3298, '76', 'TTS-TTT', '0.854');
INSERT INTO `poin_topsis` VALUES (3299, '77', 'RRR', '0.554');
INSERT INTO `poin_topsis` VALUES (3300, '77', 'RRS-RRT', '0.732');
INSERT INTO `poin_topsis` VALUES (3301, '77', 'RSR', '0.572');
INSERT INTO `poin_topsis` VALUES (3302, '77', 'RSS-RST', '0.556');
INSERT INTO `poin_topsis` VALUES (3303, '77', 'RTR', '0.396');
INSERT INTO `poin_topsis` VALUES (3304, '77', 'RTS-RTT', '0.582');
INSERT INTO `poin_topsis` VALUES (3305, '77', 'SRR', '0.365');
INSERT INTO `poin_topsis` VALUES (3306, '77', 'SRS-SRT', '0.582');
INSERT INTO `poin_topsis` VALUES (3307, '77', 'SSR', '0.386');
INSERT INTO `poin_topsis` VALUES (3308, '77', 'SSS-SST', '0.612');
INSERT INTO `poin_topsis` VALUES (3309, '77', 'STR', '0.416');
INSERT INTO `poin_topsis` VALUES (3310, '77', 'TSR', '0.223');
INSERT INTO `poin_topsis` VALUES (3311, '77', 'STS-STT', '0.633');
INSERT INTO `poin_topsis` VALUES (3312, '77', 'TRS-TRT', '0.415');
INSERT INTO `poin_topsis` VALUES (3313, '77', 'TSS-TST', '0.428');
INSERT INTO `poin_topsis` VALUES (3314, '77', 'TTR', '0.268');
INSERT INTO `poin_topsis` VALUES (3315, '77', 'TTS-TTT', '0.446');
INSERT INTO `poin_topsis` VALUES (3316, '78', 'RRR', '0.119');
INSERT INTO `poin_topsis` VALUES (3317, '78', 'RRS-RRT', '0.347');
INSERT INTO `poin_topsis` VALUES (3318, '78', 'RSR', '0.290');
INSERT INTO `poin_topsis` VALUES (3319, '78', 'RSS-RST', '0.340');
INSERT INTO `poin_topsis` VALUES (3320, '78', 'RTR', '0.448');
INSERT INTO `poin_topsis` VALUES (3321, '78', 'RTS-RTT', '0.440');
INSERT INTO `poin_topsis` VALUES (3322, '78', 'SRR', '0.277');
INSERT INTO `poin_topsis` VALUES (3323, '78', 'SRS-SRT', '0.440');
INSERT INTO `poin_topsis` VALUES (3324, '78', 'SSR', '0.413');
INSERT INTO `poin_topsis` VALUES (3325, '78', 'SSS-SST', '0.587');
INSERT INTO `poin_topsis` VALUES (3326, '78', 'STR', '0.559');
INSERT INTO `poin_topsis` VALUES (3327, '78', 'TSR', '0.553');
INSERT INTO `poin_topsis` VALUES (3328, '78', 'STS-STT', '0.723');
INSERT INTO `poin_topsis` VALUES (3329, '78', 'TRS-TRT', '0.547');
INSERT INTO `poin_topsis` VALUES (3330, '78', 'TSS-TST', '0.710');
INSERT INTO `poin_topsis` VALUES (3331, '78', 'TTR', '0.653');
INSERT INTO `poin_topsis` VALUES (3332, '78', 'TTS-TTT', '0.881');
INSERT INTO `poin_topsis` VALUES (3333, '79', 'RRR', '0.403');
INSERT INTO `poin_topsis` VALUES (3334, '79', 'RRS-RRT', '0.477');
INSERT INTO `poin_topsis` VALUES (3335, '79', 'RSR', '0.471');
INSERT INTO `poin_topsis` VALUES (3336, '79', 'RSS-RST', '0.372');
INSERT INTO `poin_topsis` VALUES (3337, '79', 'RTR', '0.457');
INSERT INTO `poin_topsis` VALUES (3338, '79', 'RTS-RTT', '0.453');
INSERT INTO `poin_topsis` VALUES (3339, '79', 'SRR', '0.338');
INSERT INTO `poin_topsis` VALUES (3340, '79', 'SRS-SRT', '0.453');
INSERT INTO `poin_topsis` VALUES (3341, '79', 'SSR', '0.437');
INSERT INTO `poin_topsis` VALUES (3342, '79', 'SSS-SST', '0.563');
INSERT INTO `poin_topsis` VALUES (3343, '79', 'STR', '0.546');
INSERT INTO `poin_topsis` VALUES (3344, '79', 'TSR', '0.447');
INSERT INTO `poin_topsis` VALUES (3345, '79', 'STS-STT', '0.661');
INSERT INTO `poin_topsis` VALUES (3346, '79', 'TRS-TRT', '0.456');
INSERT INTO `poin_topsis` VALUES (3347, '79', 'TSS-TST', '0.529');
INSERT INTO `poin_topsis` VALUES (3348, '79', 'TTR', '0.523');
INSERT INTO `poin_topsis` VALUES (3349, '79', 'TTS-TTT', '0.597');
INSERT INTO `poin_topsis` VALUES (3350, '80', 'RRR', '0.183');
INSERT INTO `poin_topsis` VALUES (3351, '80', 'RRS-RRT', '0.543');
INSERT INTO `poin_topsis` VALUES (3352, '80', 'RSR', '0.314');
INSERT INTO `poin_topsis` VALUES (3353, '80', 'RSS-RST', '0.532');
INSERT INTO `poin_topsis` VALUES (3354, '80', 'RTR', '0.446');
INSERT INTO `poin_topsis` VALUES (3355, '80', 'RTS-RTT', '0.677');
INSERT INTO `poin_topsis` VALUES (3356, '80', 'SRR', '0.133');
INSERT INTO `poin_topsis` VALUES (3357, '80', 'SRS-SRT', '0.544');
INSERT INTO `poin_topsis` VALUES (3358, '80', 'SSR', '0.296');
INSERT INTO `poin_topsis` VALUES (3359, '80', 'SSS-SST', '0.704');
INSERT INTO `poin_topsis` VALUES (3360, '80', 'STR', '0.456');
INSERT INTO `poin_topsis` VALUES (3361, '80', 'TSR', '0.308');
INSERT INTO `poin_topsis` VALUES (3362, '80', 'STS-STT', '0.866');
INSERT INTO `poin_topsis` VALUES (3363, '80', 'TRS-TRT', '0.540');
INSERT INTO `poin_topsis` VALUES (3364, '80', 'TSS-TST', '0.686');
INSERT INTO `poin_topsis` VALUES (3365, '80', 'TTR', '0.457');
INSERT INTO `poin_topsis` VALUES (3366, '80', 'TTS-TTT', '0.817');

-- ----------------------------
-- Table structure for rekomtakaran
-- ----------------------------
DROP TABLE IF EXISTS `rekomtakaran`;
CREATE TABLE `rekomtakaran`  (
  `id` int(11) NOT NULL AUTO_INCREMENT COMMENT ' ',
  `kd_formula` varchar(10) CHARACTER SET latin1 COLLATE latin1_swedish_ci NULL DEFAULT NULL,
  `formula` varchar(50) CHARACTER SET latin1 COLLATE latin1_swedish_ci NULL DEFAULT NULL,
  `nitrogen` varchar(20) CHARACTER SET latin1 COLLATE latin1_swedish_ci NULL DEFAULT NULL,
  `posfor` varbinary(20) NULL DEFAULT NULL,
  `kalium` varchar(20) CHARACTER SET latin1 COLLATE latin1_swedish_ci NULL DEFAULT NULL,
  `tekstur` varchar(20) CHARACTER SET latin1 COLLATE latin1_swedish_ci NULL DEFAULT NULL,
  `nitrogen2` varchar(20) CHARACTER SET latin1 COLLATE latin1_swedish_ci NULL DEFAULT NULL,
  `posfor2` varchar(20) CHARACTER SET latin1 COLLATE latin1_swedish_ci NULL DEFAULT NULL,
  `kalium2` varchar(20) CHARACTER SET latin1 COLLATE latin1_swedish_ci NULL DEFAULT NULL,
  `tekstur2` varchar(20) CHARACTER SET latin1 COLLATE latin1_swedish_ci NULL DEFAULT NULL,
  PRIMARY KEY (`id`) USING BTREE
) ENGINE = MyISAM AUTO_INCREMENT = 1315 CHARACTER SET = latin1 COLLATE = latin1_swedish_ci ROW_FORMAT = Dynamic;

-- ----------------------------
-- Records of rekomtakaran
-- ----------------------------
INSERT INTO `rekomtakaran` VALUES (1, 'RRR', '( 290 Kg Urea + 100 Kg SP36 + 100 Kg KCl)', 'Tidak Sesuai', 0x546964616B20536573756169, 'Tidak Sesuai', 'Sesuai', '1', '1', '1', '5');
INSERT INTO `rekomtakaran` VALUES (2, 'RRS-RRT', '( 290 Kg Urea + 100 Kg SP36 + 50 Kg KCl)', 'Cukup Sesuai', 0x536573756169, 'Cukup Sesuai', 'Cukup Sesuai', '1', '1', '3', '5');
INSERT INTO `rekomtakaran` VALUES (3, 'RSR', '( 290 Kg Urea + 75 Kg SP36 + 100 Kg KCl)', 'Tidak Sesuai', 0x43756B757020536573756169, 'Tidak Sesuai', 'Sesuai', '1', '3', '1', '5');
INSERT INTO `rekomtakaran` VALUES (4, 'RSS-RST', '( 290 Kg Urea + 75 Kg SP36 + 50 Kg KCl)', 'Tidak Sesuai', 0x546964616B20536573756169, 'Cukup Sesuai', 'Cukup Sesuai', '1', '1', '3', '3');
INSERT INTO `rekomtakaran` VALUES (5, 'RTR', '( 290 Kg Urea + 50 Kg SP36 + 100 Kg KCl)', 'Tidak Sesuai', 0x536573756169, 'Tidak Sesuai', 'Cukup Sesuai', '1', '5', '1', '3');
INSERT INTO `rekomtakaran` VALUES (6, 'RTS-RTT', '( 290 Kg Urea + 50 Kg SP36 + 50 Kg KCl)', 'Tidak Sesuai', 0x43756B757020536573756169, 'Cukup Sesuai', 'Cukup Sesuai', '1', '3', '3', '3');
INSERT INTO `rekomtakaran` VALUES (7, 'SRR', '( 250 Kg Urea + 100 Kg SP36 + 100 Kg KCl)', 'Cukup Sesuai', 0x546964616B20536573756169, 'Tidak Sesuai', 'Cukup Sesuai', '3', '1', '1', '3');
INSERT INTO `rekomtakaran` VALUES (8, 'SRS-SRT', '( 250 Kg Urea + 100 Kg SP36 + 50 Kg KCl)', 'Cukup Sesuai', 0x546964616B20536573756169, 'Cukup Sesuai', 'Cukup Sesuai', '3', '1', '3', '3');
INSERT INTO `rekomtakaran` VALUES (9, 'SSR', '( 250 Kg Urea + 75 Kg SP36 + 100 Kg KCl)', 'Cukup Sesuai', 0x43756B757020536573756169, 'Tidak Sesuai', 'Cukup Sesuai', '3', '3', '1', '3');
INSERT INTO `rekomtakaran` VALUES (10, 'SSS-SST', '( 250 Kg Urea + 75 Kg SP36 + 50 Kg KCl)', 'Cukup Sesuai', 0x43756B757020536573756169, 'Cukup Sesuai', 'Cukup Sesuai', '3', '3', '3', '3');
INSERT INTO `rekomtakaran` VALUES (11, 'STR', '( 250 Kg Urea + 50 Kg SP36 + 100 Kg KCl)', 'Cukup Sesuai', 0x536573756169, 'Tidak Sesuai', 'Cukup Sesuai', '3', '5', '1', '3');
INSERT INTO `rekomtakaran` VALUES (14, 'TSR', '( 200 Kg Urea + 75 Kg SP36 + 100 Kg KCl)', 'Sesuai', 0x43756B757020536573756169, 'Tidak Sesuai', 'Tidak Sesuai', '5', '3', '1', '1');
INSERT INTO `rekomtakaran` VALUES (12, 'STS-STT', '( 250 Kg Urea + 50 Kg SP36 + 50 Kg KCl)', 'Cukup Sesuai', 0x536573756169, 'Cukup Sesuai', 'Cukup Sesuai', '3', '5', '3', '3');
INSERT INTO `rekomtakaran` VALUES (13, 'TRS-TRT', '( 200 Kg Urea + 100 Kg SP36 + 50 Kg KCl)', 'Sesuai', 0x546964616B20536573756169, 'Cukup Sesuai', 'Tidak Sesuai', '5', '1', '3', '1');
INSERT INTO `rekomtakaran` VALUES (15, 'TSS-TST', '( 200 Kg Urea + 75 Kg SP36 + 50 Kg KCl)', 'Sesuai', 0x43756B757020536573756169, 'Cukup Sesuai', 'Tidak Sesuai', '5', '3', '3', '1');
INSERT INTO `rekomtakaran` VALUES (16, 'TTR', '( 200 Kg Urea + 50 Kg SP36 + 100 Kg KCl)', 'Sesuai', 0x536573756169, 'Cukup Sesuai', 'Tidak Sesuai', '5', '5', '1', '1');
INSERT INTO `rekomtakaran` VALUES (17, 'TTS-TTT', '( 200 Kg Urea + 50 Kg SP36 + 50 Kg KCl)', 'Sesuai', 0x536573756169, 'Cukup Sesuai', 'Tidak Sesuai', '5', '5', '3', '1');

-- ----------------------------
-- Table structure for users
-- ----------------------------
DROP TABLE IF EXISTS `users`;
CREATE TABLE `users`  (
  `id` int(11) NOT NULL AUTO_INCREMENT,
  `nik` varchar(30) CHARACTER SET latin1 COLLATE latin1_swedish_ci NULL DEFAULT NULL,
  `nama` varchar(100) CHARACTER SET latin1 COLLATE latin1_swedish_ci NULL DEFAULT NULL,
  `jk` varchar(15) CHARACTER SET latin1 COLLATE latin1_swedish_ci NULL DEFAULT NULL,
  `tmp_lahir` varchar(30) CHARACTER SET latin1 COLLATE latin1_swedish_ci NULL DEFAULT NULL,
  `tgl_lahir` date NULL DEFAULT NULL,
  `no_telp` varchar(13) CHARACTER SET latin1 COLLATE latin1_swedish_ci NULL DEFAULT NULL,
  `pekerjaan` varchar(30) CHARACTER SET latin1 COLLATE latin1_swedish_ci NULL DEFAULT NULL,
  `email` varchar(255) CHARACTER SET latin1 COLLATE latin1_swedish_ci NULL DEFAULT NULL,
  `username` varchar(32) CHARACTER SET latin1 COLLATE latin1_swedish_ci NULL DEFAULT NULL,
  `password` varchar(64) CHARACTER SET latin1 COLLATE latin1_swedish_ci NULL DEFAULT NULL,
  `level` varchar(20) CHARACTER SET latin1 COLLATE latin1_swedish_ci NOT NULL,
  `aktif` varchar(10) CHARACTER SET latin1 COLLATE latin1_swedish_ci NULL DEFAULT NULL,
  PRIMARY KEY (`id`, `level`) USING BTREE,
  UNIQUE INDEX `email`(`email`) USING BTREE
) ENGINE = InnoDB AUTO_INCREMENT = 17 CHARACTER SET = latin1 COLLATE = latin1_swedish_ci ROW_FORMAT = Dynamic;

-- ----------------------------
-- Records of users
-- ----------------------------
INSERT INTO `users` VALUES (6, NULL, 'admin', 'Laki-laki', 'A', '1990-10-11', '-', '-', '-', 'admin', '21232f297a57a5a743894a0e4a801fc3', 'Admin', '0');
INSERT INTO `users` VALUES (8, NULL, 'Niar', 'Perempuan', 'B', '1990-10-11', '085299038708', 'Peneliti', 'rahmaniar.96muslimah@gmail.com', 'Niar', 'ae155d126a3e3ef6e0ae8b2bc41ff675', 'User', '1');
INSERT INTO `users` VALUES (13, NULL, 'hartini afriyani', 'Perempuan', 'C', '1990-10-11', '0895800136960', 'penyuluh', 'hartini.afriyani@gmail.com', 'nini', 'db5cee64d8879581f189d71178dcb055', 'User', '1');
INSERT INTO `users` VALUES (14, NULL, 'Nursusanti', 'Perempuan', 'D', '1990-10-11', '0983764738', 'Penyuluh', 'nursusanti@gmail.com', 'santi', 'ae1d4b431ead52e5ee1788010e8ec110', 'User', '1');
INSERT INTO `users` VALUES (15, NULL, 'Rahmatiah,S.ST', 'Perempuan', 'E', '1990-10-11', '085256211981', 'PNS', 'rahmatiahsulsel@gmail.com', 'rahmatiah', 'f9cabfa53f97fc332697585c43bf60c3', 'User', '1');
INSERT INTO `users` VALUES (16, NULL, '1', 'Laki-laki', 'F', '1990-10-11', '1', '1', '1', '1', 'c4ca4238a0b923820dcc509a6f75849b', 'User', '1');

SET FOREIGN_KEY_CHECKS = 1;
